slug,name,positions,age,team,games_played,minutes_played,player_efficiency_rating,true_shooting_percentage,three_point_attempt_rate,free_throw_attempt_rate,offensive_rebound_percentage,defensive_rebound_percentage,total_rebound_percentage,assist_percentage,steal_percentage,block_percentage,turnover_percentage,usage_percentage,offensive_win_shares,defensive_win_shares,win_shares,win_shares_per_48_minutes,offensive_box_plus_minus,defensive_box_plus_minus,box_plus_minus,value_over_replacement_player,is_combined_totals
adamsst01,Steven Adams,CENTER,26,OKLAHOMA CITY THUNDER,63,1680,20.5,0.604,0.006,0.421,14.0,24.0,19.2,13.2,1.5,3.4,14.2,17.3,3.8,2.7,6.5,0.185,1.9,1.1,2.9,2.1,False
adebaba01,Bam Adebayo,POWER FORWARD,22,MIAMI HEAT,72,2417,20.3,0.598,0.018,0.484,8.5,24.9,17.0,24.2,1.7,3.8,17.6,21.2,4.6,3.9,8.5,0.168,1.4,2.0,3.4,3.3,False
aldrila01,LaMarcus Aldridge,CENTER,34,SAN ANTONIO SPURS,53,1754,19.7,0.571,0.198,0.241,6.3,17.8,12.0,11.4,1.0,4.4,7.8,23.4,3.0,1.4,4.5,0.122,1.8,-0.5,1.4,1.5,False
alexaky01,Kyle Alexander,CENTER,23,MIAMI HEAT,2,13,4.7,0.5,0.0,0.0,17.9,8.3,12.9,0.0,0.0,0.0,33.3,10.2,0.0,0.0,0.0,-0.003,-6.4,-3.7,-10.1,0.0,False
alexani01,Nickeil Alexander-Walker,SHOOTING GUARD,21,NEW ORLEANS PELICANS,47,591,8.9,0.473,0.5,0.139,1.6,13.5,7.5,21.1,1.3,1.1,16.1,23.3,-0.7,0.4,-0.2,-0.02,-3.2,-1.4,-4.6,-0.4,False
allengr01,Grayson Allen,SHOOTING GUARD,24,MEMPHIS GRIZZLIES,38,718,12.0,0.609,0.562,0.179,1.2,11.1,6.2,10.0,0.7,0.2,10.9,17.6,0.8,0.4,1.2,0.082,-0.1,-1.2,-1.3,0.1,False
allenja01,Jarrett Allen,CENTER,21,BROOKLYN NETS,70,1852,20.7,0.664,0.013,0.581,12.3,24.9,18.7,8.9,1.0,4.2,11.7,14.9,5.2,2.9,8.2,0.212,1.4,1.0,2.3,2.0,False
allenka01,Kadeem Allen,POINT GUARD,27,NEW YORK KNICKS,10,117,14.0,0.512,0.364,0.25,1.8,6.6,4.1,27.0,2.1,1.6,14.1,20.6,0.1,0.1,0.1,0.053,-0.3,-0.7,-0.9,0.0,False
aminual01,Al-Farouq Aminu,POWER FORWARD,29,ORLANDO MAGIC,18,380,7.6,0.395,0.419,0.337,6.6,18.4,12.3,7.4,2.3,1.9,14.7,13.2,-0.4,0.5,0.1,0.014,-4.4,1.4,-3.0,-0.1,False
anderju01,Justin Anderson,SHOOTING GUARD,26,BROOKLYN NETS,10,107,3.2,0.352,0.763,0.105,1.0,18.9,10.2,10.1,0.0,4.7,9.1,17.1,-0.2,0.1,-0.1,-0.054,-6.8,-1.0,-7.7,-0.2,False
anderky01,Kyle Anderson,SMALL FORWARD,26,MEMPHIS GRIZZLIES,67,1330,12.5,0.534,0.257,0.236,4.7,17.6,11.3,15.9,1.9,2.4,15.3,13.5,0.9,1.7,2.5,0.091,-1.5,2.0,0.5,0.9,False
anderry01,Ryan Anderson,CENTER,31,HOUSTON ROCKETS,2,14,9.4,0.357,0.714,0.0,0.0,52.9,26.2,20.4,3.3,0.0,12.5,23.7,0.0,0.0,0.0,-0.037,-3.3,0.5,-2.8,0.0,False
antetgi01,Giannis Antetokounmpo,POWER FORWARD,25,MILWAUKEE BUCKS,63,1917,31.9,0.613,0.237,0.508,7.7,34.8,22.1,34.2,1.5,3.0,13.2,37.5,6.1,5.0,11.1,0.279,7.4,4.1,11.5,6.6,False
antetko01,Kostas Antetokounmpo,POWER FORWARD,22,LOS ANGELES LAKERS,5,20,16.3,0.902,0.0,0.667,11.1,5.4,8.2,13.7,0.0,0.0,20.5,10.3,0.1,0.0,0.1,0.193,0.2,-0.9,-0.7,0.0,False
antetth01,Thanasis Antetokounmpo,SMALL FORWARD,27,MILWAUKEE BUCKS,20,129,12.2,0.496,0.208,0.354,9.8,8.7,9.2,16.3,2.5,1.4,17.8,21.6,-0.1,0.2,0.2,0.07,-4.6,1.4,-3.2,0.0,False
anthoca01,Carmelo Anthony,POWER FORWARD,35,PORTLAND TRAIL BLAZERS,58,1902,12.4,0.525,0.289,0.206,3.9,16.1,10.1,6.4,1.2,1.2,10.5,21.2,0.4,0.9,1.3,0.033,-1.8,-1.8,-3.6,-0.8,False
anunoog01,OG Anunoby,SMALL FORWARD,22,TORONTO RAPTORS,69,2066,13.2,0.6,0.403,0.18,4.2,14.2,9.3,7.5,2.2,2.1,11.5,14.3,2.1,3.7,5.7,0.134,-0.8,2.0,1.2,1.7,False
arcidry01,Ryan Arcidiacono,POINT GUARD,25,CHICAGO BULLS,58,930,9.0,0.551,0.627,0.173,2.3,11.2,6.5,14.3,1.4,0.3,13.5,12.5,0.7,0.7,1.4,0.071,-2.7,-0.1,-2.8,-0.2,False
arizatr01,Trevor Ariza,SMALL FORWARD,34,SACRAMENTO KINGS,32,791,9.4,0.543,0.739,0.164,2.9,18.2,10.4,8.3,2.1,0.8,13.7,11.2,0.3,0.8,1.1,0.066,-1.9,1.3,-0.6,0.3,False
arizatr01,Trevor Ariza,SMALL FORWARD,34,PORTLAND TRAIL BLAZERS,21,702,12.8,0.643,0.535,0.296,2.0,12.8,7.4,7.6,2.3,1.0,13.5,12.5,1.0,0.4,1.4,0.098,-0.9,0.4,-0.4,0.3,False
augusdj01,D.J. Augustin,POINT GUARD,32,ORLANDO MAGIC,57,1420,14.0,0.554,0.436,0.393,1.6,7.8,4.6,26.8,1.2,0.1,13.7,19.1,2.0,0.9,2.9,0.098,-0.3,-1.3,-1.6,0.2,False
aytonde01,Deandre Ayton,CENTER,21,PHOENIX SUNS,38,1236,20.0,0.568,0.023,0.157,13.0,26.3,19.6,9.7,1.0,4.1,11.6,23.7,1.5,1.6,3.1,0.121,0.8,-0.4,0.4,0.7,False
bacondw01,Dwayne Bacon,SHOOTING GUARD,24,CHARLOTTE HORNETS,39,687,6.1,0.419,0.275,0.217,2.3,14.0,7.9,11.7,1.7,0.3,12.2,19.5,-1.2,0.4,-0.8,-0.053,-5.9,-0.9,-6.8,-0.8,False
baglema01,Marvin Bagley III,CENTER,20,SACRAMENTO KINGS,13,334,15.6,0.512,0.132,0.186,9.5,23.5,16.3,4.9,0.9,3.4,9.1,25.8,0.0,0.3,0.4,0.051,-2.2,-1.4,-3.5,-0.1,False
balllo01,Lonzo Ball,POINT GUARD,22,NEW ORLEANS PELICANS,63,2025,13.1,0.517,0.575,0.111,3.7,16.4,10.0,29.1,2.0,1.6,21.1,18.5,0.4,2.0,2.4,0.058,0.1,0.6,0.6,1.3,False
bambamo01,Mo Bamba,CENTER,21,ORLANDO MAGIC,62,878,17.5,0.542,0.374,0.161,11.9,25.6,18.5,7.2,1.3,8.8,12.1,17.1,0.8,1.7,2.5,0.135,-1.2,1.6,0.4,0.5,False
bareajo01,J.J. Barea,POINT GUARD,35,DALLAS MAVERICKS,29,450,14.6,0.512,0.411,0.106,2.4,9.9,6.2,37.1,0.5,0.4,14.9,24.2,0.5,0.2,0.7,0.072,1.6,-3.0,-1.4,0.1,False
barneha02,Harrison Barnes,POWER FORWARD,27,SACRAMENTO KINGS,72,2482,13.3,0.574,0.338,0.337,3.4,12.9,8.1,9.2,0.8,0.5,8.8,17.4,3.4,1.1,4.6,0.088,0.0,-1.3,-1.3,0.5,False
barrerj01,RJ Barrett,SHOOTING GUARD,19,NEW YORK KNICKS,56,1704,10.7,0.479,0.271,0.349,3.0,14.8,8.7,12.8,1.6,0.9,12.9,24.0,-1.6,1.1,-0.5,-0.015,-2.9,-1.5,-4.3,-1.0,False
bartowi01,Will Barton,SMALL FORWARD,29,DENVER NUGGETS,58,1916,15.6,0.549,0.39,0.18,4.5,16.9,10.7,16.0,1.6,1.4,9.9,20.1,2.4,1.8,4.2,0.106,1.2,-0.2,1.1,1.5,False
bateske01,Keita Bates-Diop,POWER FORWARD,24,MINNESOTA TIMBERWOLVES,37,646,12.5,0.535,0.456,0.316,3.3,15.1,9.0,6.7,1.2,2.6,5.6,15.8,0.6,0.5,1.0,0.077,-0.8,-0.1,-0.9,0.2,False
bateske01,Keita Bates-Diop,SMALL FORWARD,24,DENVER NUGGETS,7,98,12.1,0.571,0.321,0.357,4.6,14.8,9.7,0.0,1.0,3.8,8.5,15.7,0.1,0.1,0.2,0.084,-2.2,-2.8,-5.0,-0.1,False
batumni01,Nicolas Batum,SMALL FORWARD,31,CHARLOTTE HORNETS,22,505,9.2,0.463,0.605,0.123,5.2,16.8,10.8,18.3,1.7,1.5,20.5,9.4,0.2,0.4,0.6,0.055,-2.8,0.9,-1.9,0.0,False
baynear01,Aron Baynes,CENTER,33,PHOENIX SUNS,42,934,15.2,0.581,0.441,0.197,8.3,20.0,14.1,10.9,0.5,2.1,10.8,21.1,1.3,0.8,2.1,0.107,-0.2,-0.8,-1.0,0.2,False
bazemke01,Kent Bazemore,SMALL FORWARD,30,PORTLAND TRAIL BLAZERS,43,1111,7.5,0.475,0.525,0.221,1.2,14.8,8.1,7.1,1.9,2.4,14.4,15.9,-1.0,0.8,-0.2,-0.008,-3.6,0.4,-3.2,-0.3,False
bazemke01,Kent Bazemore,SMALL FORWARD,30,SACRAMENTO KINGS,25,577,12.6,0.533,0.351,0.361,2.7,21.6,11.9,8.0,2.4,1.5,11.4,20.4,0.1,0.7,0.8,0.065,-3.0,0.3,-2.8,-0.1,False
bazleda01,Darius Bazley,POWER FORWARD,19,OKLAHOMA CITY THUNDER,61,1130,9.6,0.497,0.445,0.196,3.0,20.5,12.0,5.1,1.0,3.1,11.6,15.1,-0.5,1.5,1.0,0.041,-2.1,0.5,-1.6,0.1,False
bealbr01,Bradley Beal,SHOOTING GUARD,26,WASHINGTON WIZARDS,57,2053,23.2,0.579,0.369,0.351,2.7,10.5,6.4,29.5,1.6,1.0,11.4,34.4,4.5,0.6,5.1,0.118,5.3,-2.4,2.9,2.5,False
beaslma01,Malik Beasley,SHOOTING GUARD,23,DENVER NUGGETS,41,746,10.5,0.511,0.535,0.126,1.4,10.2,5.8,9.1,2.1,0.7,10.2,20.6,-0.2,0.6,0.5,0.03,-2.2,-0.7,-2.9,-0.2,False
beaslma01,Malik Beasley,SHOOTING GUARD,23,MINNESOTA TIMBERWOLVES,14,463,16.2,0.591,0.494,0.12,2.0,14.7,8.1,9.8,0.9,0.4,7.9,23.7,0.5,0.2,0.8,0.079,1.7,-2.4,-0.7,0.2,False
belinma01,Marco Belinelli,SHOOTING GUARD,33,SAN ANTONIO SPURS,57,883,10.8,0.532,0.567,0.185,0.9,11.2,6.0,10.7,0.6,0.1,5.3,17.5,0.7,0.2,0.8,0.046,-0.7,-2.0,-2.7,-0.2,False
belljo01,Jordan Bell,CENTER,25,MINNESOTA TIMBERWOLVES,27,235,14.1,0.57,0.15,0.483,12.1,23.3,17.5,8.6,0.4,3.5,19.8,15.9,0.2,0.2,0.4,0.072,-1.5,-1.1,-2.6,0.0,False
belljo01,Jordan Bell,CENTER,25,MEMPHIS GRIZZLIES,2,21,12.6,0.635,0.429,0.286,10.2,4.9,7.5,12.9,2.2,0.0,27.6,21.6,0.0,0.0,0.0,0.047,-0.9,-0.8,-1.6,0.0,False
bembrde01,DeAndre' Bembry,SHOOTING GUARD,25,ATLANTA HAWKS,43,915,9.6,0.5,0.285,0.211,3.9,14.1,8.9,12.3,2.8,1.7,19.4,14.0,-0.5,0.8,0.2,0.012,-3.5,1.1,-2.5,-0.1,False
bendedr01,Dragan Bender,CENTER,22,MILWAUKEE BUCKS,7,91,8.4,0.582,0.429,0.143,0.0,20.5,10.9,12.5,0.0,4.8,18.3,12.4,0.0,0.2,0.2,0.105,-4.4,3.2,-1.2,0.0,False
bendedr01,Dragan Bender,POWER FORWARD,22,GOLDEN STATE WARRIORS,9,195,12.1,0.534,0.479,0.155,8.6,21.3,14.7,15.2,1.0,1.8,17.4,20.1,0.0,0.1,0.1,0.027,-2.5,-1.2,-3.7,-0.1,False
bertada01,Dāvis Bertāns,POWER FORWARD,27,WASHINGTON WIZARDS,54,1583,15.5,0.628,0.774,0.2,2.3,15.1,8.5,8.4,1.1,1.8,8.2,19.0,3.0,0.5,3.5,0.107,2.7,-1.8,0.9,1.1,False
beverpa01,Patrick Beverley,POINT GUARD,31,LOS ANGELES CLIPPERS,51,1342,12.5,0.56,0.604,0.138,4.5,15.8,10.3,18.2,1.9,1.6,15.4,13.3,1.6,2.0,3.6,0.128,-0.3,2.5,2.2,1.4,False
birchkh01,Khem Birch,CENTER,27,ORLANDO MAGIC,48,922,11.7,0.566,0.007,0.706,10.3,15.6,12.9,7.3,1.1,2.3,14.2,10.2,1.2,0.9,2.2,0.112,-2.5,0.2,-2.4,-0.1,False
bitadgo01,Goga Bitadze,CENTER,20,INDIANA PACERS,54,471,12.1,0.523,0.28,0.22,5.9,18.7,12.3,6.7,1.0,6.9,14.5,17.9,-0.1,0.8,0.7,0.067,-4.1,1.8,-2.3,0.0,False
biyombi01,Bismack Biyombo,CENTER,27,CHARLOTTE HORNETS,53,1029,16.1,0.57,0.0,0.543,12.3,20.7,16.3,7.8,0.5,4.4,12.2,16.8,1.5,0.9,2.4,0.113,-1.8,-0.7,-2.5,-0.1,False
bjeline01,Nemanja Bjelica,POWER FORWARD,31,SACRAMENTO KINGS,72,2011,15.7,0.602,0.49,0.129,6.1,19.9,12.8,14.7,1.5,1.9,12.5,17.0,3.4,1.9,5.3,0.127,1.2,0.5,1.8,1.9,False
bledser01,Eric Bledsoe,POINT GUARD,30,MILWAUKEE BUCKS,61,1646,17.6,0.571,0.306,0.304,2.8,13.5,8.5,28.7,1.6,1.4,15.7,23.7,2.4,3.0,5.4,0.157,0.8,1.0,1.8,1.6,False
bogdabo01,Bogdan Bogdanović,SHOOTING GUARD,27,SACRAMENTO KINGS,61,1766,15.2,0.565,0.576,0.151,1.6,11.8,6.6,18.0,1.8,0.8,11.1,22.6,1.8,1.3,3.1,0.084,1.2,-0.5,0.6,1.2,False
bogdabo02,Bojan Bogdanović,SMALL FORWARD,30,UTAH JAZZ,63,2083,15.6,0.603,0.489,0.296,2.1,11.2,6.8,10.0,0.8,0.3,13.1,25.5,2.6,1.6,4.2,0.096,1.6,-1.5,0.1,1.1,False
bolbo01,Bol Bol,POWER FORWARD,20,DENVER NUGGETS,7,87,14.4,0.617,0.321,0.357,6.4,18.0,12.2,9.8,1.1,6.4,23.6,21.2,0.0,0.1,0.1,0.063,-2.3,-0.7,-3.0,0.0,False
boldejo01,Jonah Bolden,CENTER,24,PHILADELPHIA 76ERS,4,14,-2.0,0.515,0.333,0.667,0.0,7.9,3.9,0.0,3.5,0.0,34.0,18.1,-0.1,0.0,0.0,-0.15,-14.1,-0.7,-14.7,0.0,False
boldejo01,Jonah Bolden,CENTER,24,PHOENIX SUNS,3,33,7.9,0.338,0.375,0.25,10.0,17.0,13.5,0.0,2.9,5.3,0.0,11.4,0.0,0.1,0.0,0.054,-6.6,-0.3,-6.9,0.0,False
boldema01,Marques Bolden,CENTER,21,CLEVELAND CAVALIERS,1,3,19.8,0.0,0.0,0.0,0.0,74.7,37.0,0.0,16.2,0.0,0.0,0.0,0.0,0.0,0.0,0.282,-5.8,11.3,5.4,0.0,False
bonejo01,Jordan Bone,POINT GUARD,22,DETROIT PISTONS,10,53,0.8,0.3,0.5,0.0,0.0,8.7,4.3,21.0,0.9,0.0,9.1,18.1,-0.1,0.0,-0.1,-0.117,-9.1,-2.8,-11.9,-0.1,False
bongais01,Isaac Bonga,SMALL FORWARD,20,WASHINGTON WIZARDS,66,1250,10.2,0.608,0.303,0.363,6.0,13.8,9.7,7.9,1.7,1.5,17.6,11.0,1.2,0.6,1.8,0.068,-2.7,-0.1,-2.8,-0.3,False
bookede01,Devin Booker,SHOOTING GUARD,23,PHOENIX SUNS,70,2512,20.6,0.618,0.31,0.397,1.3,12.0,6.6,30.0,0.9,0.6,14.9,30.0,6.0,1.5,7.5,0.143,3.4,-1.3,2.2,2.6,False
bouchch01,Chris Boucher,CENTER,27,TORONTO RAPTORS,62,819,20.7,0.587,0.395,0.388,14.1,21.4,17.9,4.8,1.3,7.3,7.4,19.7,2.1,1.8,3.8,0.224,1.0,1.0,2.0,0.8,False
bowenbr02,Brian Bowen,SMALL FORWARD,21,INDIANA PACERS,6,31,0.1,0.3,0.2,0.0,3.6,21.0,12.4,0.0,0.0,2.8,9.1,15.6,-0.1,0.0,-0.1,-0.107,-9.1,-1.8,-10.9,-0.1,False
bowmaky01,Ky Bowman,POINT GUARD,22,GOLDEN STATE WARRIORS,45,1015,9.1,0.494,0.333,0.128,2.5,10.7,6.5,19.4,2.1,0.9,17.1,17.2,-0.6,0.6,-0.1,-0.003,-4.0,-0.3,-4.3,-0.6,False
bradlav01,Avery Bradley,SHOOTING GUARD,29,LOS ANGELES LAKERS,49,1186,8.9,0.537,0.452,0.063,1.7,8.9,5.3,7.2,1.7,0.4,10.7,15.7,0.2,1.4,1.5,0.062,-3.0,0.5,-2.5,-0.2,False
bradlto01,Tony Bradley,CENTER,22,UTAH JAZZ,58,663,21.7,0.681,0.016,0.243,19.1,25.0,22.2,5.4,1.0,4.1,12.5,15.8,2.2,1.1,3.3,0.236,1.0,0.3,1.3,0.6,False
brantja01,Jarrell Brantley,POWER FORWARD,23,UTAH JAZZ,9,96,8.0,0.416,0.464,0.071,2.4,19.9,11.5,15.8,1.5,4.3,19.5,16.3,-0.2,0.1,0.0,-0.006,-5.3,0.7,-4.6,-0.1,False
brazdig01,Ignas Brazdeikis,SMALL FORWARD,21,NEW YORK KNICKS,9,53,3.2,0.351,0.409,0.227,3.9,6.2,5.0,10.6,0.0,1.8,7.6,21.0,-0.1,0.0,-0.1,-0.108,-5.1,-3.9,-9.0,-0.1,False
breweco01,Corey Brewer,POWER FORWARD,33,SACRAMENTO KINGS,5,33,8.7,0.47,0.25,0.75,6.7,21.0,13.6,7.7,5.9,0.0,27.3,9.6,0.0,0.1,0.0,0.064,-6.0,2.8,-3.2,0.0,False
bridgmi01,Mikal Bridges,SMALL FORWARD,23,PHOENIX SUNS,73,2042,12.9,0.62,0.401,0.252,3.5,12.4,7.9,8.6,2.4,2.0,12.0,12.7,2.5,2.3,4.8,0.113,-0.6,1.5,0.8,1.5,False
bridgmi02,Miles Bridges,SMALL FORWARD,21,CHARLOTTE HORNETS,65,1995,12.1,0.52,0.398,0.174,4.6,15.6,9.9,9.4,1.0,2.2,10.5,20.0,0.3,1.3,1.6,0.039,-1.5,-1.0,-2.5,-0.3,False
brissos01,Oshae Brissett,SMALL FORWARD,21,TORONTO RAPTORS,19,135,6.7,0.458,0.417,0.278,7.2,13.0,10.2,7.0,1.4,0.7,14.8,15.0,-0.1,0.2,0.1,0.043,-5.8,0.4,-5.3,-0.1,False
broekry01,Ryan Broekhoff,SMALL FORWARD,29,DALLAS MAVERICKS,17,180,13.1,0.568,0.864,0.136,3.0,21.9,12.5,8.3,1.3,1.9,8.8,16.3,0.2,0.2,0.4,0.109,0.5,0.3,0.8,0.1,False
brogdma01,Malcolm Brogdon,POINT GUARD,27,INDIANA PACERS,54,1666,17.7,0.541,0.309,0.25,3.1,14.1,8.6,33.8,1.0,0.5,13.7,25.2,2.3,1.7,4.0,0.114,2.3,-0.5,1.8,1.6,False
brookdi01,Dillon Brooks,SHOOTING GUARD,24,MEMPHIS GRIZZLIES,73,2112,11.3,0.51,0.385,0.19,3.5,8.6,6.1,10.5,1.4,1.1,9.7,25.2,-0.4,1.6,1.2,0.027,-2.7,-1.4,-4.1,-1.1,False
brownbr01,Bruce Brown,POINT GUARD,23,DETROIT PISTONS,58,1634,11.9,0.518,0.215,0.266,4.2,15.0,9.5,20.4,1.9,1.5,16.7,16.0,0.7,1.4,2.1,0.062,-2.0,0.8,-1.2,0.3,False
brownch02,Charlie Brown Jr.,SHOOTING GUARD,22,ATLANTA HAWKS,10,40,11.0,0.472,0.474,0.263,5.3,5.5,5.4,7.3,2.3,4.2,12.4,25.1,0.0,0.0,0.0,-0.028,-1.2,-1.4,-2.5,0.0,False
brownja02,Jaylen Brown,SHOOTING GUARD,23,BOSTON CELTICS,57,1934,16.9,0.583,0.381,0.274,3.5,16.5,10.1,9.7,1.6,1.0,11.2,24.7,2.3,2.6,4.9,0.123,1.0,-0.2,0.8,1.4,False
brownmo01,Moses Brown,CENTER,20,PORTLAND TRAIL BLAZERS,9,33,6.7,0.407,0.0,0.8,9.6,34.5,22.2,4.0,1.4,2.6,18.2,21.2,-0.1,0.0,0.0,-0.065,-8.2,-1.8,-10.0,-0.1,False
brownst02,Sterling Brown,SMALL FORWARD,24,MILWAUKEE BUCKS,52,767,9.5,0.486,0.531,0.156,4.3,18.5,11.8,8.6,1.7,0.8,13.3,17.0,-0.4,1.5,1.1,0.07,-3.0,1.0,-2.0,0.0,False
browntr01,Troy Brown Jr.,SMALL FORWARD,20,WASHINGTON WIZARDS,69,1782,13.7,0.524,0.288,0.223,4.5,19.6,11.7,14.1,2.2,0.3,10.4,17.8,1.3,1.2,2.4,0.065,-0.8,-0.4,-1.2,0.3,False
brunsja01,Jalen Brunson,POINT GUARD,23,DALLAS MAVERICKS,57,1022,14.9,0.553,0.309,0.193,2.3,11.3,6.9,27.0,1.0,0.3,13.6,20.4,1.6,0.6,2.1,0.101,0.1,-1.0,-0.9,0.3,False
bryanth01,Thomas Bryant,CENTER,22,WASHINGTON WIZARDS,46,1147,21.1,0.649,0.218,0.278,9.0,23.1,15.8,11.1,1.0,3.7,10.2,18.9,3.1,0.8,3.9,0.164,2.9,-0.7,2.2,1.2,False
bullore01,Reggie Bullock,SHOOTING GUARD,28,NEW YORK KNICKS,29,684,9.3,0.502,0.496,0.094,2.0,8.8,5.3,8.8,1.8,0.4,7.5,15.6,0.2,0.3,0.5,0.036,-2.8,-0.3,-3.0,-0.2,False
burketr01,Trey Burke,POINT GUARD,27,PHILADELPHIA 76ERS,25,329,15.4,0.545,0.299,0.142,5.0,6.7,5.9,23.9,1.0,0.3,8.2,19.2,0.6,0.2,0.9,0.127,0.7,-1.2,-0.5,0.1,False
burketr01,Trey Burke,POINT GUARD,27,DALLAS MAVERICKS,8,191,16.0,0.553,0.451,0.134,0.6,7.6,4.1,23.2,2.3,0.4,9.4,21.4,0.3,0.2,0.5,0.117,1.0,-0.8,0.2,0.1,False
burksal01,Alec Burks,SMALL FORWARD,28,GOLDEN STATE WARRIORS,48,1390,16.1,0.552,0.373,0.373,2.8,15.3,8.8,17.4,1.7,1.1,9.8,23.8,1.6,0.9,2.5,0.085,0.7,-0.6,0.1,0.7,False
burksal01,Alec Burks,SHOOTING GUARD,28,PHILADELPHIA 76ERS,18,364,19.0,0.594,0.461,0.246,3.3,13.7,8.5,16.3,1.6,0.0,7.5,23.7,0.9,0.4,1.2,0.161,3.1,-1.1,2.0,0.4,False
burtode02,Deonte Burton,SMALL FORWARD,26,OKLAHOMA CITY THUNDER,39,356,4.3,0.396,0.424,0.112,2.2,15.1,8.8,6.8,1.0,2.4,12.7,18.5,-0.9,0.4,-0.5,-0.067,-6.3,-0.5,-6.8,-0.4,False
butleji01,Jimmy Butler,SMALL FORWARD,30,MIAMI HEAT,58,1959,23.6,0.585,0.157,0.693,6.3,15.4,11.0,28.1,2.6,1.6,11.4,25.1,6.3,2.7,9.0,0.221,4.0,1.5,5.4,3.7,False
cabocbr01,Bruno Caboclo,CENTER,24,MEMPHIS GRIZZLIES,22,192,11.9,0.441,0.362,0.043,9.5,14.5,12.1,7.1,2.4,5.5,9.1,16.8,-0.1,0.3,0.2,0.053,-3.4,0.7,-2.7,0.0,False
cabocbr01,Bruno Caboclo,CENTER,24,HOUSTON ROCKETS,8,52,22.1,0.618,0.4,0.3,12.0,20.3,16.1,5.9,4.4,8.2,20.9,22.8,0.0,0.1,0.2,0.162,-1.4,1.6,0.2,0.0,False
cacokde01,Devontae Cacok,CENTER,23,LOS ANGELES LAKERS,1,9,28.6,0.5,0.0,0.0,24.6,36.1,30.4,20.3,0.0,0.0,0.0,28.1,0.0,0.0,0.0,0.226,4.8,-4.6,0.2,0.0,False
caldwke01,Kentavious Caldwell-Pope,SHOOTING GUARD,26,LOS ANGELES LAKERS,69,1762,11.0,0.584,0.471,0.201,2.4,6.4,4.4,8.5,1.5,0.7,10.1,14.7,1.9,1.9,3.7,0.102,-1.2,0.4,-0.8,0.5,False
cancavl01,Vlatko Čančar,POWER FORWARD,22,DENVER NUGGETS,14,45,11.4,0.507,0.4,0.267,12.5,12.4,12.4,9.1,1.1,2.1,15.2,19.1,0.0,0.0,0.1,0.062,-3.6,-1.2,-4.8,0.0,False
capelca01,Clint Capela,CENTER,25,HOUSTON ROCKETS,39,1279,20.6,0.626,0.0,0.268,13.6,30.5,22.0,5.7,1.2,4.8,12.7,16.1,2.8,2.1,4.9,0.184,1.0,0.4,1.4,1.1,False
carrode01,DeMarre Carroll,SMALL FORWARD,33,SAN ANTONIO SPURS,15,135,4.9,0.437,0.448,0.69,5.6,19.2,12.4,10.1,0.7,1.3,20.9,15.3,-0.2,0.1,-0.1,-0.036,-5.9,-1.1,-7.0,-0.2,False
carrode01,DeMarre Carroll,CENTER,33,HOUSTON ROCKETS,9,155,12.8,0.578,0.541,0.595,3.3,13.0,8.1,12.2,1.8,1.7,13.0,14.3,0.2,0.2,0.4,0.114,-0.7,-0.4,-1.1,0.0,False
carteje01,Jevon Carter,POINT GUARD,24,PHOENIX SUNS,58,945,11.3,0.563,0.601,0.111,3.5,10.5,6.9,11.9,2.4,1.6,11.2,12.9,0.8,1.0,1.8,0.093,-0.7,1.3,0.6,0.6,False
cartevi01,Vince Carter,POWER FORWARD,43,ATLANTA HAWKS,60,876,7.5,0.47,0.664,0.095,2.2,13.2,7.6,7.7,1.2,2.4,9.4,16.6,-0.6,0.4,-0.2,-0.011,-3.1,-1.2,-4.3,-0.5,False
cartewe01,Wendell Carter Jr.,CENTER,20,CHICAGO BULLS,43,1256,15.5,0.59,0.085,0.443,11.6,24.6,17.8,6.0,1.3,2.7,14.9,16.4,1.7,1.6,3.3,0.127,-2.1,-0.3,-2.4,-0.1,False
cartemi01,Michael Carter-Williams,SHOOTING GUARD,28,ORLANDO MAGIC,45,833,15.3,0.535,0.288,0.365,5.8,13.5,9.5,19.1,2.9,2.4,14.7,18.3,0.7,1.2,1.9,0.111,-1.5,1.6,0.1,0.5,False
carusal01,Alex Caruso,POINT GUARD,25,LOS ANGELES LAKERS,64,1175,10.8,0.525,0.412,0.323,1.6,9.8,5.7,13.6,2.8,1.4,13.8,13.8,0.5,1.8,2.3,0.095,-2.6,2.4,-0.2,0.5,False
caulewi01,Willie Cauley-Stein,CENTER,26,GOLDEN STATE WARRIORS,41,940,16.2,0.573,0.0,0.222,7.9,22.0,14.7,9.9,2.3,4.8,11.0,14.4,1.0,1.2,2.2,0.113,-1.6,1.6,0.0,0.5,False
caulewi01,Willie Cauley-Stein,CENTER,26,DALLAS MAVERICKS,13,157,22.2,0.684,0.022,0.2,8.8,31.0,20.1,9.6,1.2,6.0,9.3,14.7,0.5,0.3,0.7,0.222,0.9,2.2,3.1,0.2,False
chandty01,Tyson Chandler,CENTER,37,HOUSTON ROCKETS,26,219,10.8,0.717,0.0,0.722,11.8,19.8,15.8,3.5,1.3,3.1,25.2,6.0,0.3,0.3,0.6,0.131,-2.6,1.1,-1.5,0.0,False
chandwi01,Wilson Chandler,POWER FORWARD,32,BROOKLYN NETS,35,734,7.4,0.531,0.661,0.126,1.6,18.5,10.2,7.3,1.0,1.4,15.0,12.9,-0.1,0.9,0.7,0.046,-3.7,1.0,-2.7,-0.1,False
chealjo01,Joe Chealey,POINT GUARD,24,CHARLOTTE HORNETS,4,33,-2.9,0.127,0.571,0.286,0.0,0.0,0.0,3.9,6.1,0.0,20.2,13.2,-0.2,0.0,-0.1,-0.188,-14.3,1.7,-12.5,-0.1,False
cheatzy01,Zylan Cheatham,POWER FORWARD,24,NEW ORLEANS PELICANS,4,51,6.7,0.667,0.111,0.0,6.2,12.5,9.4,7.7,0.9,1.6,30.8,10.4,0.0,0.0,0.0,0.034,-6.6,-0.5,-7.2,-0.1,False
chiozch01,Chris Chiozza,POINT GUARD,24,WASHINGTON WIZARDS,10,123,9.2,0.397,0.471,0.0,0.0,13.9,6.7,29.2,3.8,1.4,20.9,14.5,-0.1,0.1,0.0,-0.001,-3.6,2.2,-1.5,0.0,False
chiozch01,Chris Chiozza,POINT GUARD,24,BROOKLYN NETS,18,278,13.2,0.531,0.528,0.047,3.4,10.6,7.1,29.5,1.9,0.6,17.5,19.7,0.2,0.3,0.5,0.08,-0.8,-0.3,-1.1,0.1,False
chrisma01,Marquese Chriss,POWER FORWARD,22,GOLDEN STATE WARRIORS,59,1196,19.5,0.604,0.101,0.405,10.0,23.6,16.5,15.3,1.6,4.7,14.7,19.0,2.1,1.3,3.4,0.136,0.0,0.6,0.6,0.8,False
clarkga01,Gary Clark,POWER FORWARD,25,HOUSTON ROCKETS,18,212,11.8,0.564,0.864,0.119,5.4,14.5,9.9,7.7,0.4,2.8,3.1,12.5,0.4,0.2,0.5,0.123,0.3,-0.9,-0.6,0.1,False
clarkga01,Gary Clark,SMALL FORWARD,25,ORLANDO MAGIC,24,355,10.1,0.571,0.811,0.041,7.6,13.8,10.6,1.9,0.5,3.8,9.6,10.1,0.3,0.3,0.6,0.087,-1.7,-0.9,-2.6,-0.1,False
clarkbr01,Brandon Clarke,POWER FORWARD,23,MEMPHIS GRIZZLIES,58,1300,20.9,0.663,0.134,0.234,7.6,20.1,14.0,9.5,1.1,3.2,9.4,18.7,3.4,1.6,5.0,0.183,2.4,0.7,3.1,1.7,False
clarkjo01,Jordan Clarkson,SHOOTING GUARD,27,CLEVELAND CAVALIERS,29,666,18.6,0.581,0.488,0.264,3.5,8.1,5.8,17.0,1.2,1.0,9.7,25.9,1.4,0.1,1.5,0.107,4.1,-1.4,2.7,0.8,False
clarkjo01,Jordan Clarkson,SHOOTING GUARD,27,UTAH JAZZ,42,1039,16.5,0.569,0.47,0.146,3.2,9.1,6.3,10.8,1.4,0.6,9.2,26.7,1.0,0.9,1.9,0.089,1.3,-1.2,0.0,0.5,False
claxtni01,Nic Claxton,CENTER,20,BROOKLYN NETS,15,187,14.8,0.577,0.146,0.438,10.7,13.6,12.2,12.4,0.3,3.6,13.6,14.8,0.3,0.2,0.5,0.121,-0.7,0.1,-0.7,0.1,False
clemoch01,Chris Clemons,SHOOTING GUARD,22,HOUSTON ROCKETS,33,291,13.1,0.548,0.754,0.077,1.4,9.4,5.4,14.3,1.4,1.8,11.5,23.6,0.1,0.2,0.4,0.058,0.3,-1.3,-1.0,0.1,False
clevean01,Antonius Cleveland,SHOOTING GUARD,25,DALLAS MAVERICKS,11,46,2.5,0.34,0.214,0.357,4.6,11.3,8.0,2.8,1.1,5.6,11.0,16.9,-0.1,0.0,-0.1,-0.076,-9.0,-1.0,-10.1,-0.1,False
coffeam01,Amir Coffey,SHOOTING GUARD,22,LOS ANGELES CLIPPERS,18,159,8.5,0.493,0.352,0.204,2.7,7.6,5.2,12.3,1.5,1.1,12.0,17.6,0.0,0.2,0.1,0.041,-4.3,0.1,-4.1,-0.1,False
collijo01,John Collins,POWER FORWARD,22,ATLANTA HAWKS,41,1363,23.5,0.659,0.243,0.248,9.0,24.0,16.4,7.6,1.1,4.1,10.1,22.7,3.8,1.2,4.9,0.174,3.7,-0.6,3.1,1.7,False
colliza01,Zach Collins,POWER FORWARD,22,PORTLAND TRAIL BLAZERS,11,290,9.9,0.538,0.279,0.118,9.1,15.7,12.4,7.2,0.8,1.5,16.4,12.5,0.2,0.1,0.3,0.052,-1.7,-1.4,-3.1,-0.1,False
conlemi01,Mike Conley,POINT GUARD,32,UTAH JAZZ,47,1363,14.1,0.537,0.451,0.245,2.8,9.2,6.1,23.1,1.3,0.3,12.8,23.1,1.4,1.1,2.5,0.089,0.7,-0.4,0.3,0.8,False
connapa01,Pat Connaughton,SHOOTING GUARD,27,MILWAUKEE BUCKS,67,1243,11.5,0.565,0.551,0.133,5.1,16.8,11.3,10.9,0.9,2.2,14.0,12.3,1.1,2.3,3.4,0.13,-0.9,1.5,0.6,0.8,False
cookqu01,Quinn Cook,POINT GUARD,26,LOS ANGELES LAKERS,44,508,10.0,0.509,0.397,0.065,2.4,8.5,5.5,13.8,1.1,0.4,13.0,21.0,-0.2,0.5,0.3,0.03,-2.3,-1.4,-3.8,-0.2,False
cookty01,Tyler Cook,POWER FORWARD,22,CLEVELAND CAVALIERS,11,35,23.9,0.752,0.0,0.6,12.6,19.2,15.9,4.5,1.4,0.0,7.3,16.7,0.2,0.0,0.2,0.244,2.9,-0.6,2.3,0.0,False
cookty01,Tyler Cook,SMALL FORWARD,22,DENVER NUGGETS,2,19,11.3,0.694,0.0,1.0,11.8,11.8,11.8,0.0,5.2,0.0,41.0,11.2,0.0,0.0,0.0,0.069,-4.4,-0.4,-4.8,0.0,False
covinro01,Robert Covington,POWER FORWARD,29,MINNESOTA TIMBERWOLVES,48,1411,13.5,0.572,0.629,0.19,2.6,19.5,10.7,5.9,2.6,2.6,12.0,17.8,0.5,1.8,2.3,0.078,-1.2,1.2,0.0,0.7,False
covinro01,Robert Covington,CENTER,29,HOUSTON ROCKETS,22,726,13.1,0.531,0.74,0.132,3.9,21.7,12.7,6.1,2.2,5.7,11.1,15.4,0.2,1.2,1.4,0.094,-1.2,1.4,0.2,0.4,False
crabbal01,Allen Crabbe,SHOOTING GUARD,27,ATLANTA HAWKS,28,522,7.2,0.482,0.65,0.084,2.0,11.5,6.7,7.3,1.3,0.6,7.5,12.7,-0.1,0.1,0.1,0.009,-3.1,-1.1,-4.1,-0.3,False
crabbal01,Allen Crabbe,SMALL FORWARD,27,MINNESOTA TIMBERWOLVES,9,131,1.1,0.416,0.765,0.059,0.8,9.2,4.8,5.1,0.0,0.0,12.5,12.5,-0.2,0.0,-0.2,-0.068,-6.4,-3.3,-9.7,-0.3,False
craigto01,Torrey Craig,SMALL FORWARD,29,DENVER NUGGETS,58,1072,10.8,0.553,0.513,0.134,6.6,13.2,9.9,5.9,1.1,3.1,8.1,12.6,1.1,0.9,2.0,0.091,-2.0,-0.3,-2.3,-0.1,False
crawfja01,Jamal Crawford,SHOOTING GUARD,39,BROOKLYN NETS,1,6,33.2,0.625,0.5,0.0,0.0,0.0,0.0,100.0,0.0,0.0,0.0,27.9,0.1,0.0,0.1,0.492,12.4,2.6,15.0,0.0,False
crowdja01,Jae Crowder,SMALL FORWARD,29,MEMPHIS GRIZZLIES,45,1322,11.0,0.507,0.667,0.238,3.2,18.5,11.0,12.2,1.7,0.9,10.9,15.6,0.5,1.4,1.9,0.069,-1.4,0.2,-1.2,0.3,False
crowdja01,Jae Crowder,POWER FORWARD,29,MIAMI HEAT,20,553,16.3,0.669,0.78,0.183,2.5,18.5,10.8,9.7,2.2,1.8,7.8,15.3,1.2,0.8,1.9,0.169,1.8,0.8,2.5,0.6,False
culveja01,Jarrett Culver,SHOOTING GUARD,20,MINNESOTA TIMBERWOLVES,63,1506,9.6,0.467,0.388,0.206,4.7,10.3,7.4,10.8,1.8,2.1,11.5,19.2,-1.2,1.1,-0.1,-0.004,-3.3,-0.7,-4.0,-0.8,False
curryse01,Seth Curry,SHOOTING GUARD,29,DALLAS MAVERICKS,64,1576,15.5,0.643,0.559,0.169,1.8,7.8,4.8,11.6,1.2,0.5,9.1,18.4,3.5,0.8,4.3,0.13,1.7,-0.9,0.8,1.2,False
curryst01,Stephen Curry,POINT GUARD,31,GOLDEN STATE WARRIORS,5,139,21.7,0.557,0.598,0.317,3.0,17.8,10.1,42.3,1.7,1.3,14.6,33.6,0.2,0.1,0.3,0.103,4.5,-0.6,3.9,0.2,False
danietr01,Troy Daniels,SHOOTING GUARD,28,LOS ANGELES LAKERS,41,456,9.0,0.527,0.709,0.101,2.9,8.1,5.5,4.1,0.8,0.6,5.2,16.1,0.2,0.4,0.7,0.069,-1.2,-1.1,-2.2,0.0,False
danietr01,Troy Daniels,SHOOTING GUARD,28,DENVER NUGGETS,6,76,5.3,0.464,0.714,0.0,0.0,8.8,4.4,5.4,2.0,0.0,9.7,17.7,-0.1,0.1,0.0,-0.025,-4.8,-2.4,-7.2,-0.1,False
davisan02,Anthony Davis,POWER FORWARD,26,LOS ANGELES LAKERS,62,2131,27.4,0.61,0.199,0.479,7.4,22.1,14.8,15.1,2.0,6.0,10.4,29.3,6.7,4.4,11.1,0.25,5.4,2.6,8.0,5.4,False
davised01,Ed Davis,CENTER,30,UTAH JAZZ,28,303,9.5,0.489,0.0,0.304,13.2,24.6,19.1,5.2,1.8,2.5,20.0,9.4,0.2,0.5,0.6,0.102,-4.6,1.5,-3.2,-0.1,False
daviste02,Terence Davis,SHOOTING GUARD,22,TORONTO RAPTORS,72,1209,13.8,0.588,0.555,0.135,4.5,16.0,10.3,14.2,1.5,1.1,14.1,19.0,1.2,1.9,3.1,0.122,0.1,0.7,0.8,0.8,False
dedmode01,Dewayne Dedmon,CENTER,30,SACRAMENTO KINGS,34,541,8.5,0.477,0.415,0.164,9.3,25.8,17.4,3.9,1.3,4.6,20.4,18.5,-0.8,0.7,-0.1,-0.007,-6.3,-0.1,-6.4,-0.6,False
dedmode01,Dewayne Dedmon,CENTER,30,ATLANTA HAWKS,10,233,11.4,0.463,0.429,0.095,6.4,31.8,18.9,4.3,2.0,5.4,10.3,17.4,-0.2,0.3,0.2,0.032,-4.6,0.1,-4.5,-0.1,False
dellama01,Matthew Dellavedova,POINT GUARD,29,CLEVELAND CAVALIERS,57,821,8.1,0.463,0.52,0.211,2.4,7.8,5.1,29.0,1.2,0.2,23.6,13.0,0.1,0.1,0.2,0.011,-3.6,-1.6,-5.2,-0.7,False
derozde01,DeMar DeRozan,SMALL FORWARD,30,SAN ANTONIO SPURS,68,2316,21.6,0.603,0.033,0.43,2.0,15.4,8.7,26.1,1.4,0.8,11.6,26.3,5.9,1.3,7.3,0.151,2.3,-0.4,1.9,2.3,False
diallch01,Cheick Diallo,CENTER,23,PHOENIX SUNS,47,479,16.5,0.688,0.021,0.275,6.9,23.7,15.2,6.9,1.1,2.2,16.7,17.0,0.8,0.5,1.3,0.132,-1.1,-0.2,-1.3,0.1,False
diallha01,Hamidou Diallo,SMALL FORWARD,21,OKLAHOMA CITY THUNDER,46,896,9.3,0.491,0.193,0.213,5.6,14.7,10.3,5.9,2.0,0.9,13.6,18.4,-0.7,1.1,0.4,0.022,-4.2,0.3,-3.9,-0.4,False
dienggo01,Gorgui Dieng,CENTER,30,MINNESOTA TIMBERWOLVES,46,778,17.8,0.563,0.433,0.213,9.5,25.8,17.4,11.1,2.2,4.5,12.7,18.4,0.9,1.1,2.1,0.129,0.3,1.5,1.8,0.7,False
dienggo01,Gorgui Dieng,CENTER,30,MEMPHIS GRIZZLIES,17,318,15.5,0.583,0.368,0.483,6.1,26.0,16.2,6.3,2.1,4.7,13.2,15.9,0.3,0.6,0.9,0.13,-1.5,2.5,1.0,0.2,False
dinwisp01,Spencer Dinwiddie,POINT GUARD,26,BROOKLYN NETS,64,1994,17.8,0.541,0.392,0.437,1.7,9.6,5.7,35.0,0.9,0.9,12.5,29.2,3.2,1.6,4.8,0.116,2.7,-0.9,1.8,1.9,False
divindo01,Donte DiVincenzo,SHOOTING GUARD,23,MILWAUKEE BUCKS,66,1520,14.1,0.557,0.484,0.169,4.6,15.5,10.3,13.6,2.6,1.2,14.1,17.3,1.0,3.2,4.3,0.135,-1.1,2.4,1.3,1.3,False
doncilu01,Luka Dončić,POINT GUARD,20,DALLAS MAVERICKS,61,2047,27.6,0.585,0.431,0.448,4.1,25.0,14.7,45.7,1.5,0.6,14.8,36.8,6.5,2.3,8.8,0.207,7.4,1.0,8.4,5.4,False
dortlu01,Luguentz Dort,SMALL FORWARD,20,OKLAHOMA CITY THUNDER,36,820,7.6,0.506,0.463,0.243,3.3,7.5,5.5,4.6,1.8,0.4,8.4,14.1,0.1,0.8,0.8,0.049,-4.1,0.4,-3.7,-0.4,False
dotsoda01,Damyean Dotson,SHOOTING GUARD,25,NEW YORK KNICKS,48,836,10.9,0.527,0.562,0.114,1.2,10.6,5.8,10.0,1.3,0.5,6.5,16.5,0.6,0.4,0.9,0.053,-0.9,-0.5,-1.4,0.1,False
doumbse01,Sekou Doumbouya,POWER FORWARD,19,DETROIT PISTONS,38,754,6.2,0.474,0.415,0.195,3.0,14.9,8.9,3.6,1.3,0.9,12.0,16.9,-0.8,0.5,-0.3,-0.02,-5.2,-1.4,-6.7,-0.9,False
doziepj01,PJ Dozier,SHOOTING GUARD,23,DENVER NUGGETS,29,412,11.6,0.495,0.312,0.185,2.7,12.2,7.5,21.6,1.7,1.3,13.7,20.8,0.0,0.4,0.4,0.044,-2.5,-1.2,-3.8,-0.2,False
dragigo01,Goran Dragić,POINT GUARD,33,MIAMI HEAT,59,1663,16.3,0.573,0.467,0.34,2.0,10.2,6.3,29.2,1.2,0.6,14.8,25.9,2.2,1.3,3.5,0.102,1.4,-1.6,-0.1,0.8,False
drumman01,Andre Drummond,CENTER,26,DETROIT PISTONS,49,1654,22.1,0.55,0.031,0.376,15.3,38.2,26.6,14.0,2.9,4.2,18.0,25.5,0.7,3.3,4.0,0.116,0.0,1.2,1.1,1.3,False
drumman01,Andre Drummond,CENTER,26,CLEVELAND CAVALIERS,8,225,21.1,0.573,0.133,0.371,11.7,32.4,22.0,10.8,2.6,4.2,19.2,28.7,-0.1,0.3,0.3,0.053,-0.9,0.4,-0.4,0.1,False
dudleja01,Jared Dudley,POWER FORWARD,34,LOS ANGELES LAKERS,45,364,7.8,0.558,0.7,0.033,1.8,13.7,7.8,9.5,2.0,0.7,11.6,8.0,0.3,0.5,0.8,0.102,-2.7,2.0,-0.7,0.1,False
dunnkr01,Kris Dunn,POINT GUARD,25,CHICAGO BULLS,51,1269,12.1,0.51,0.327,0.158,1.9,14.9,8.1,19.4,3.8,1.3,15.7,14.6,0.3,2.0,2.3,0.085,-3.8,3.1,-0.6,0.4,False
edwarca01,Carsen Edwards,SHOOTING GUARD,21,BOSTON CELTICS,37,351,6.9,0.444,0.594,0.148,1.9,12.4,7.2,9.3,1.7,1.1,9.9,18.4,-0.3,0.4,0.1,0.014,-4.4,-0.2,-4.6,-0.2,False
ellenhe01,Henry Ellenson,CENTER,23,BROOKLYN NETS,5,15,-1.3,0.143,0.571,0.0,14.1,27.0,20.7,8.7,0.0,0.0,0.0,19.5,-0.1,0.0,-0.1,-0.183,-7.5,-3.4,-10.9,0.0,False
ellinwa01,Wayne Ellington,SHOOTING GUARD,32,NEW YORK KNICKS,36,558,8.5,0.509,0.822,0.075,0.7,12.0,6.2,11.0,1.1,0.7,9.1,15.0,0.2,0.2,0.4,0.035,-1.9,-1.0,-2.9,-0.1,False
embiijo01,Joel Embiid,CENTER,25,PHILADELPHIA 76ERS,51,1506,25.8,0.59,0.215,0.543,10.3,33.2,21.7,16.9,1.4,3.7,13.8,32.9,3.3,2.7,6.0,0.192,3.7,1.0,4.7,2.5,False
ennisja01,James Ennis III,SMALL FORWARD,29,PHILADELPHIA 76ERS,49,776,12.3,0.564,0.469,0.27,6.8,14.5,10.7,7.3,1.4,1.5,10.9,15.7,0.9,0.9,1.7,0.106,-1.5,0.0,-1.5,0.1,False
ennisja01,James Ennis III,SHOOTING GUARD,29,ORLANDO MAGIC,20,489,10.3,0.566,0.474,0.278,4.9,16.4,10.5,6.5,1.2,1.5,15.3,15.6,0.2,0.5,0.7,0.064,-3.3,-1.1,-4.4,-0.3,False
eubandr01,Drew Eubanks,CENTER,22,SAN ANTONIO SPURS,22,272,17.3,0.682,0.015,0.388,11.1,22.6,16.8,7.7,0.9,5.5,21.1,15.8,0.5,0.3,0.8,0.134,-1.4,-0.4,-1.8,0.0,False
evansja02,Jacob Evans,SHOOTING GUARD,22,GOLDEN STATE WARRIORS,27,414,5.6,0.439,0.286,0.218,2.3,8.7,5.4,10.9,1.3,2.6,14.6,17.6,-0.6,0.2,-0.5,-0.054,-5.7,-1.2,-7.0,-0.5,False
evansja02,Jacob Evans,SHOOTING GUARD,22,MINNESOTA TIMBERWOLVES,2,4,-9.6,0.0,1.0,0.0,0.0,0.0,0.0,0.0,0.0,0.0,0.0,10.3,0.0,0.0,0.0,-0.263,-10.5,-5.6,-16.1,0.0,False
exumda01,Dante Exum,SHOOTING GUARD,24,UTAH JAZZ,11,83,4.8,0.503,0.261,0.087,4.1,11.5,8.0,11.9,0.6,2.0,29.5,17.8,-0.2,0.1,-0.1,-0.056,-5.2,-0.5,-5.7,-0.1,False
exumda01,Dante Exum,SHOOTING GUARD,24,CLEVELAND CAVALIERS,24,402,11.5,0.592,0.385,0.427,2.5,12.8,7.6,11.4,1.5,1.3,15.6,14.4,0.4,0.2,0.5,0.063,-2.0,-0.4,-2.4,0.0,False
fallta01,Tacko Fall,CENTER,24,BOSTON CELTICS,7,33,28.4,0.751,0.0,0.214,3.3,44.9,24.3,5.8,1.5,11.2,16.4,23.7,0.1,0.1,0.2,0.223,0.4,6.0,6.5,0.1,False
favorde01,Derrick Favors,CENTER,28,NEW ORLEANS PELICANS,51,1243,18.5,0.62,0.021,0.209,13.9,28.9,21.4,9.2,1.1,3.1,12.9,14.0,2.6,1.6,4.2,0.162,0.7,0.3,1.0,0.9,False
feliccr01,Cristiano Felício,CENTER,27,CHICAGO BULLS,22,386,12.8,0.671,0.037,0.426,15.0,14.1,14.6,5.7,1.2,0.5,21.9,9.1,0.7,0.3,1.0,0.126,-1.4,-1.7,-3.1,-0.1,False
fergute01,Terrance Ferguson,SMALL FORWARD,21,OKLAHOMA CITY THUNDER,56,1257,3.7,0.481,0.764,0.091,2.1,4.4,3.3,5.3,1.0,1.2,11.9,9.1,-0.3,0.9,0.6,0.021,-4.8,0.3,-4.5,-0.8,False
fernabr01,Bruno Fernando,CENTER,21,ATLANTA HAWKS,56,713,11.9,0.542,0.186,0.256,10.0,20.0,15.0,9.9,1.2,2.0,15.9,15.3,0.4,0.4,0.8,0.055,-3.2,-0.9,-4.1,-0.4,False
ferreyo01,Yogi Ferrell,POINT GUARD,26,SACRAMENTO KINGS,50,530,12.2,0.528,0.42,0.223,1.2,9.4,5.2,18.8,1.6,0.7,11.9,19.2,0.3,0.3,0.7,0.06,-1.5,-0.3,-1.8,0.0,False
finnedo01,Dorian Finney-Smith,POWER FORWARD,26,DALLAS MAVERICKS,71,2120,12.3,0.595,0.58,0.207,7.3,12.7,10.0,7.2,1.0,1.6,10.8,12.9,3.3,1.5,4.9,0.11,0.1,-0.3,-0.2,0.9,False
forbebr01,Bryn Forbes,SHOOTING GUARD,26,SAN ANTONIO SPURS,63,1579,11.1,0.57,0.656,0.155,0.8,7.8,4.3,9.5,1.0,0.0,8.4,18.5,1.3,0.3,1.5,0.047,-0.6,-2.1,-2.7,-0.3,False
fournev01,Evan Fournier,SMALL FORWARD,27,ORLANDO MAGIC,66,2076,16.4,0.595,0.467,0.237,0.9,8.2,4.4,16.6,1.7,0.7,10.9,23.9,2.9,1.7,4.6,0.106,1.4,-0.4,1.0,1.6,False
foxde01,De'Aaron Fox,POINT GUARD,22,SACRAMENTO KINGS,51,1634,20.6,0.558,0.227,0.42,2.4,11.4,6.8,35.3,2.2,1.5,14.1,29.8,2.6,1.4,4.0,0.118,2.3,-0.5,1.8,1.6,False
frazime01,Melvin Frazier,SHOOTING GUARD,23,ORLANDO MAGIC,19,126,9.8,0.559,0.471,0.118,1.7,7.1,4.3,3.4,3.5,1.4,12.3,14.0,0.0,0.2,0.2,0.057,-3.5,1.2,-2.3,0.0,False
frazimi01,Michael Frazier,SHOOTING GUARD,25,HOUSTON ROCKETS,13,145,-0.9,0.384,0.793,0.483,0.7,6.6,3.6,1.7,0.6,0.0,12.5,11.5,-0.2,0.1,-0.2,-0.06,-8.9,-2.1,-11.0,-0.3,False
fraziti01,Tim Frazier,POINT GUARD,29,DETROIT PISTONS,27,355,9.8,0.464,0.319,0.255,2.8,7.8,5.3,36.5,1.9,0.9,25.6,17.3,-0.1,0.2,0.1,0.016,-3.0,-1.6,-4.6,-0.2,False
kanteen01,Enes Freedom,CENTER,27,BOSTON CELTICS,58,983,22.4,0.599,0.02,0.284,18.0,28.9,23.5,8.8,1.1,3.9,12.5,19.4,2.6,1.8,4.4,0.214,1.8,-0.3,1.5,0.9,False
fultzma01,Markelle Fultz,POINT GUARD,21,ORLANDO MAGIC,72,1996,14.3,0.517,0.175,0.206,2.1,11.0,6.4,29.0,2.2,0.5,14.9,21.4,0.6,2.0,2.7,0.065,-1.8,0.0,-1.8,0.1,False
gabriwe01,Wenyen Gabriel,POWER FORWARD,22,SACRAMENTO KINGS,11,61,7.4,0.444,0.471,0.588,7.2,11.3,9.2,6.6,2.4,3.1,18.9,18.8,-0.1,0.1,0.0,-0.029,-4.4,0.5,-3.9,0.0,False
gabriwe01,Wenyen Gabriel,POWER FORWARD,22,PORTLAND TRAIL BLAZERS,19,174,10.3,0.606,0.387,0.387,10.3,14.9,12.6,3.6,2.2,2.5,23.3,11.5,0.1,0.1,0.3,0.075,-3.5,-0.3,-3.8,-0.1,False
gaffoda01,Daniel Gafford,CENTER,21,CHICAGO BULLS,43,609,16.2,0.686,0.0,0.448,9.0,10.3,9.6,5.2,1.0,8.7,15.3,13.3,1.1,0.8,1.9,0.146,-2.8,1.5,-1.3,0.1,False
gallida01,Danilo Gallinari,POWER FORWARD,31,OKLAHOMA CITY THUNDER,62,1834,19.5,0.612,0.537,0.365,2.1,16.8,9.7,10.3,1.1,0.2,7.4,24.6,4.5,1.9,6.3,0.166,4.1,-0.9,3.3,2.4,False
gallola01,Langston Galloway,SHOOTING GUARD,28,DETROIT PISTONS,66,1702,12.3,0.584,0.611,0.157,2.2,7.8,5.0,8.8,1.4,0.5,6.5,15.9,2.4,0.7,3.1,0.087,0.0,-0.9,-0.8,0.5,False
garlada01,Darius Garland,SHOOTING GUARD,20,CLEVELAND CAVALIERS,59,1824,8.5,0.498,0.423,0.103,1.6,5.2,3.4,18.5,1.1,0.2,17.1,20.7,-1.3,0.0,-1.3,-0.034,-2.7,-2.8,-5.5,-1.7,False
gasolma01,Marc Gasol,CENTER,35,TORONTO RAPTORS,44,1161,11.8,0.551,0.53,0.176,2.9,21.7,12.5,17.3,1.4,3.2,16.4,13.2,0.8,2.2,3.0,0.124,-1.2,2.8,1.6,1.1,False
gayru01,Rudy Gay,POWER FORWARD,33,SAN ANTONIO SPURS,67,1461,15.4,0.553,0.369,0.228,4.5,22.2,13.4,11.3,1.1,2.0,11.8,22.0,0.9,1.1,2.1,0.068,0.0,-0.9,-0.8,0.4,False
georgpa01,Paul George,SMALL FORWARD,29,LOS ANGELES CLIPPERS,48,1419,21.1,0.589,0.487,0.277,1.8,17.7,10.0,21.1,2.3,1.2,12.5,29.6,2.5,2.3,4.8,0.161,3.8,1.1,4.9,2.5,False
gibsota01,Taj Gibson,CENTER,34,NEW YORK KNICKS,62,1025,16.1,0.61,0.049,0.196,11.2,16.7,13.9,7.6,1.3,2.8,13.1,14.8,1.8,0.8,2.6,0.12,-0.8,-0.3,-1.1,0.2,False
gilesha01,Harry Giles,CENTER,21,SACRAMENTO KINGS,46,667,16.4,0.58,0.008,0.195,7.1,25.1,15.9,14.2,1.6,2.6,13.9,20.6,0.8,0.8,1.6,0.112,-2.2,0.9,-1.3,0.1,False
gilgesh01,Shai Gilgeous-Alexander,SHOOTING GUARD,21,OKLAHOMA CITY THUNDER,70,2428,17.7,0.568,0.247,0.352,2.2,16.1,9.4,15.2,1.6,1.7,10.3,23.7,3.1,3.0,6.1,0.121,1.3,0.4,1.7,2.2,False
goberru01,Rudy Gobert,CENTER,27,UTAH JAZZ,68,2333,21.7,0.699,0.0,0.724,11.2,31.3,21.6,6.5,1.1,4.8,15.0,16.2,6.5,4.2,10.7,0.221,1.7,1.9,3.6,3.3,False
goodwbr01,Brandon Goodwin,POINT GUARD,24,ATLANTA HAWKS,34,430,11.6,0.507,0.458,0.158,2.7,15.5,9.0,18.0,1.3,0.8,12.5,22.4,-0.1,0.2,0.1,0.013,-1.6,-1.3,-2.9,-0.1,False
gordoaa01,Aaron Gordon,POWER FORWARD,24,ORLANDO MAGIC,62,2017,15.1,0.516,0.309,0.292,5.5,20.3,12.7,17.4,1.2,1.7,10.4,20.7,1.4,2.3,3.7,0.087,-0.1,0.1,0.0,1.0,False
gordoer01,Eric Gordon,SMALL FORWARD,31,HOUSTON ROCKETS,36,1016,10.3,0.51,0.654,0.231,0.9,6.5,3.7,7.9,1.0,1.1,7.8,22.5,-0.1,0.6,0.5,0.024,-1.8,-2.1,-3.9,-0.5,False
grahade01,Devonte' Graham,POINT GUARD,24,CHARLOTTE HORNETS,63,2211,15.8,0.537,0.607,0.242,2.0,8.7,5.2,35.3,1.4,0.6,14.5,24.8,2.4,0.9,3.4,0.073,2.5,-2.1,0.5,1.4,False
grahatr01,Treveon Graham,SMALL FORWARD,26,MINNESOTA TIMBERWOLVES,33,663,6.0,0.447,0.474,0.211,4.5,11.7,8.0,6.1,1.2,0.3,9.0,13.1,-0.3,0.3,0.1,0.004,-5.0,-0.8,-5.8,-0.6,False
grahatr01,Treveon Graham,SMALL FORWARD,26,ATLANTA HAWKS,22,266,8.0,0.478,0.552,0.284,8.8,11.5,10.1,7.6,1.2,1.3,11.7,13.3,0.0,0.1,0.1,0.022,-3.3,-1.7,-5.0,-0.2,False
grantje01,Jerami Grant,POWER FORWARD,25,DENVER NUGGETS,71,1892,14.4,0.591,0.397,0.309,3.4,11.2,7.3,6.6,1.3,2.8,8.0,18.0,2.8,1.6,4.4,0.111,0.1,-0.6,-0.5,0.7,False
grantje02,Jerian Grant,SHOOTING GUARD,27,WASHINGTON WIZARDS,6,80,6.6,0.449,0.296,0.259,2.6,5.7,4.1,15.3,0.6,1.1,9.1,17.2,0.0,0.0,0.0,-0.018,-4.5,-2.0,-6.5,-0.1,False
grayjo01,Josh Gray,POINT GUARD,26,NEW ORLEANS PELICANS,2,23,-5.0,0.5,0.0,0.0,4.6,4.6,4.6,10.4,0.0,0.0,71.4,12.5,-0.1,0.0,-0.1,-0.226,-11.4,-4.7,-16.0,-0.1,False
greenda02,Danny Green,SHOOTING GUARD,32,LOS ANGELES LAKERS,68,1687,10.8,0.552,0.69,0.101,3.3,11.2,7.3,7.1,2.4,1.7,11.3,13.9,0.8,2.5,3.4,0.096,-1.1,1.5,0.5,1.1,False
greendr01,Draymond Green,POWER FORWARD,29,GOLDEN STATE WARRIORS,43,1222,12.5,0.489,0.408,0.263,2.0,22.3,11.8,31.2,2.3,2.4,21.8,15.7,-0.2,1.3,1.1,0.044,-2.1,1.9,-0.2,0.5,False
greenja01,JaMychal Green,POWER FORWARD,29,LOS ANGELES CLIPPERS,63,1307,11.1,0.576,0.676,0.136,6.3,24.1,15.4,5.0,1.0,1.6,12.6,13.7,1.1,2.0,3.1,0.115,-1.2,0.7,-0.5,0.5,False
greenja02,Javonte Green,SHOOTING GUARD,26,BOSTON CELTICS,48,468,13.1,0.564,0.262,0.333,5.6,15.6,10.6,7.7,2.5,1.6,13.7,15.3,0.4,0.8,1.1,0.113,-2.1,1.4,-0.7,0.2,False
greenje02,Jeff Green,POWER FORWARD,33,UTAH JAZZ,30,553,10.0,0.523,0.533,0.323,2.9,12.9,8.1,5.2,1.1,1.5,10.8,19.7,0.0,0.5,0.5,0.046,-1.9,-0.2,-2.1,0.0,False
greenje02,Jeff Green,CENTER,33,HOUSTON ROCKETS,18,407,18.6,0.682,0.53,0.188,2.6,10.9,6.7,11.5,1.6,1.9,8.5,17.9,1.2,0.4,1.5,0.183,2.5,0.1,2.6,0.5,False
griffbl01,Blake Griffin,POWER FORWARD,30,DETROIT PISTONS,18,512,11.9,0.476,0.444,0.392,3.7,15.0,9.3,18.0,0.7,1.1,12.0,28.4,-0.4,0.3,-0.1,-0.012,-1.7,-2.6,-4.3,-0.3,False
gudurma01,Marko Guduric,SHOOTING GUARD,24,MEMPHIS GRIZZLIES,44,484,8.8,0.514,0.529,0.166,3.1,12.6,7.9,12.3,1.2,1.4,17.6,17.6,-0.3,0.4,0.1,0.014,-2.7,-0.7,-3.4,-0.2,False
guyky01,Kyle Guy,SHOOTING GUARD,22,SACRAMENTO KINGS,3,10,6.6,0.4,0.6,0.0,0.0,11.5,5.6,15.6,0.0,0.0,0.0,21.7,0.0,0.0,0.0,-0.045,-7.5,-4.8,-12.3,0.0,False
hachiru01,Rui Hachimura,POWER FORWARD,21,WASHINGTON WIZARDS,48,1444,13.5,0.535,0.16,0.257,5.7,17.0,11.1,8.8,1.2,0.5,8.0,19.0,1.3,0.5,1.8,0.06,-1.2,-2.0,-3.2,-0.4,False
hallde01,Devon Hall,POINT GUARD,24,OKLAHOMA CITY THUNDER,11,81,3.1,0.298,0.567,0.267,2.8,6.6,4.8,21.3,2.4,1.1,13.0,20.9,-0.3,0.1,-0.2,-0.116,-6.0,-0.7,-6.7,-0.1,False
halldo01,Donta Hall,POWER FORWARD,22,DETROIT PISTONS,4,48,7.3,0.452,0.0,1.5,14.0,21.6,17.7,5.3,1.0,1.7,23.1,7.9,0.0,0.0,0.1,0.067,-5.7,-1.3,-7.0,-0.1,False
halldo01,Donta Hall,CENTER,22,BROOKLYN NETS,5,85,17.2,0.709,0.0,0.667,9.9,17.9,14.0,3.5,1.1,4.9,11.4,12.9,0.2,0.1,0.3,0.177,-2.2,0.2,-2.1,0.0,False
hannadu01,Dusty Hannahs,SHOOTING GUARD,26,MEMPHIS GRIZZLIES,2,13,21.3,0.607,0.333,0.222,0.0,8.0,4.1,0.0,0.0,0.0,0.0,31.6,0.0,0.0,0.0,0.146,5.1,-2.1,3.1,0.0,False
hardati02,Tim Hardaway Jr.,SHOOTING GUARD,27,DALLAS MAVERICKS,71,2091,14.5,0.581,0.58,0.206,1.3,10.2,5.8,9.7,0.9,0.2,6.7,21.1,3.4,1.1,4.4,0.102,1.2,-1.4,-0.1,1.0,False
hardeja01,James Harden,SHOOTING GUARD,30,HOUSTON ROCKETS,68,2483,29.1,0.626,0.557,0.528,2.9,16.0,9.4,35.9,2.3,2.1,14.2,36.3,9.9,3.2,13.1,0.254,8.1,1.6,9.6,7.3,False
harklma01,Maurice Harkless,POWER FORWARD,26,LOS ANGELES CLIPPERS,50,1141,9.7,0.584,0.336,0.194,4.4,13.6,9.1,5.5,2.0,2.3,16.3,10.3,0.5,1.7,2.3,0.095,-2.4,2.4,0.0,0.6,False
harklma01,Maurice Harkless,SMALL FORWARD,26,NEW YORK KNICKS,12,286,10.1,0.536,0.379,0.364,2.9,12.3,7.5,9.7,1.5,1.0,8.4,12.4,0.2,0.2,0.4,0.069,-3.2,-0.3,-3.5,-0.1,False
harpeja01,Jared Harper,POINT GUARD,22,PHOENIX SUNS,3,8,-5.3,0.25,0.5,0.0,0.0,0.0,0.0,0.0,0.0,0.0,0.0,21.3,0.0,0.0,0.0,-0.249,-10.1,-5.6,-15.7,0.0,False
harremo01,Montrezl Harrell,CENTER,26,LOS ANGELES CLIPPERS,63,1749,23.2,0.607,0.022,0.432,9.9,16.3,13.2,10.3,1.1,3.6,10.1,25.7,4.4,2.5,7.0,0.191,2.5,0.5,2.9,2.2,False
harriga01,Gary Harris,SHOOTING GUARD,25,DENVER NUGGETS,56,1780,9.7,0.519,0.405,0.177,1.6,8.6,5.1,8.9,2.1,0.7,9.7,15.1,0.5,1.4,1.9,0.052,-2.8,0.3,-2.5,-0.2,False
harrijo01,Joe Harris,SMALL FORWARD,28,BROOKLYN NETS,69,2123,13.3,0.606,0.518,0.114,3.2,11.2,7.3,10.4,0.9,0.7,11.2,18.3,2.5,1.8,4.3,0.097,0.4,-0.6,-0.2,1.0,False
harrito02,Tobias Harris,POWER FORWARD,27,PHILADELPHIA 76ERS,72,2469,17.2,0.556,0.304,0.184,3.1,19.1,11.1,14.6,1.0,1.4,7.6,23.9,3.5,2.7,6.2,0.121,1.3,-0.5,0.8,1.8,False
harrish01,Shaquille Harrison,SHOOTING GUARD,26,CHICAGO BULLS,43,484,17.8,0.559,0.255,0.303,4.8,15.3,9.8,15.3,3.4,3.7,9.2,18.1,0.7,0.8,1.5,0.153,0.4,2.4,2.8,0.6,False
hartjo01,Josh Hart,SMALL FORWARD,24,NEW ORLEANS PELICANS,65,1755,11.9,0.563,0.665,0.216,3.7,22.1,12.8,8.2,1.7,1.1,11.4,15.3,1.3,1.8,3.1,0.085,-1.1,0.4,-0.7,0.6,False
harteis01,Isaiah Hartenstein,CENTER,21,HOUSTON ROCKETS,23,266,18.6,0.674,0.075,0.418,11.3,24.3,17.7,10.0,1.6,3.9,16.8,14.8,0.7,0.4,1.1,0.19,-1.0,1.3,0.3,0.2,False
hasleud01,Udonis Haslem,CENTER,39,MIAMI HEAT,4,44,6.5,0.47,0.273,0.364,2.6,36.7,20.3,3.2,0.0,0.0,7.3,13.8,0.0,0.1,0.0,0.041,-5.8,-1.6,-7.4,-0.1,False
hayesja02,Jaxson Hayes,CENTER,19,NEW ORLEANS PELICANS,64,1080,17.6,0.689,0.015,0.734,9.5,16.0,12.7,7.2,1.1,4.3,13.4,15.0,2.8,1.1,3.9,0.171,-0.9,0.6,-0.3,0.5,False
haywago01,Gordon Hayward,SMALL FORWARD,29,BOSTON CELTICS,52,1740,18.1,0.595,0.317,0.207,3.4,17.8,10.7,18.7,1.1,1.2,11.2,21.1,3.5,2.2,5.7,0.158,2.6,0.1,2.7,2.0,False
hensojo01,John Henson,CENTER,29,CLEVELAND CAVALIERS,29,412,16.9,0.539,0.258,0.275,8.5,22.3,15.4,15.2,1.9,6.7,13.5,16.1,0.4,0.5,0.9,0.109,-1.2,2.2,1.1,0.3,False
hensojo01,John Henson,CENTER,29,DETROIT PISTONS,11,188,17.1,0.67,0.098,0.255,8.3,20.8,14.5,9.3,2.1,4.5,20.9,16.7,0.2,0.2,0.4,0.11,-1.2,1.7,0.5,0.1,False
hernade01,Dewan Hernandez,CENTER,23,TORONTO RAPTORS,6,28,12.9,0.432,0.143,0.357,19.3,33.2,26.4,16.4,1.7,0.0,15.6,29.3,0.0,0.1,0.0,0.043,-6.6,-3.0,-9.6,-0.1,False
hernaju01,Juancho Hernangómez,POWER FORWARD,24,DENVER NUGGETS,34,422,6.9,0.442,0.545,0.227,6.4,18.8,12.6,6.7,0.6,1.1,12.9,14.3,-0.2,0.3,0.1,0.007,-4.0,-1.2,-5.2,-0.3,False
hernaju01,Juancho Hernangómez,POWER FORWARD,24,MINNESOTA TIMBERWOLVES,14,411,14.1,0.576,0.504,0.336,4.7,22.1,13.1,6.4,1.6,0.8,8.2,17.1,0.5,0.4,0.8,0.098,-0.4,-1.0,-1.5,0.1,False
hernawi01,Willy Hernangómez,CENTER,25,CHARLOTTE HORNETS,31,375,19.2,0.576,0.158,0.424,12.1,27.5,19.5,13.5,1.3,1.7,15.4,22.9,0.4,0.4,0.8,0.107,0.6,-0.5,0.1,0.2,False
herroty01,Tyler Herro,SHOOTING GUARD,20,MIAMI HEAT,55,1508,12.5,0.55,0.472,0.158,1.2,14.9,8.3,12.7,1.1,0.6,11.4,22.3,0.2,1.3,1.6,0.05,-0.4,-1.2,-1.6,0.1,False
herveke01,Kevin Hervey,POWER FORWARD,23,OKLAHOMA CITY THUNDER,10,52,5.0,0.315,0.741,0.0,2.2,22.7,12.7,13.9,0.9,1.7,0.0,22.8,-0.2,0.1,-0.1,-0.085,-4.0,-1.1,-5.1,0.0,False
hezonma01,Mario Hezonja,POWER FORWARD,24,PORTLAND TRAIL BLAZERS,53,871,9.5,0.525,0.358,0.271,3.6,18.3,11.0,7.5,2.0,0.9,14.7,13.9,0.1,0.6,0.8,0.043,-3.1,0.2,-2.9,-0.2,False
hieldbu01,Buddy Hield,SHOOTING GUARD,27,SACRAMENTO KINGS,72,2216,16.0,0.566,0.592,0.117,2.8,14.1,8.3,15.5,1.4,0.7,12.1,27.2,1.4,1.5,3.0,0.064,2.5,-1.4,1.1,1.7,False
hillge01,George Hill,POINT GUARD,33,MILWAUKEE BUCKS,59,1271,16.9,0.659,0.468,0.269,4.1,9.3,6.9,19.0,1.7,0.3,11.9,15.5,3.5,2.1,5.5,0.21,1.6,1.3,2.9,1.6,False
hillso01,Solomon Hill,POWER FORWARD,28,MEMPHIS GRIZZLIES,48,901,10.2,0.549,0.631,0.163,2.9,13.8,8.4,13.4,1.6,0.7,13.8,13.4,0.5,0.8,1.4,0.072,-1.6,0.2,-1.4,0.1,False
hillso01,Solomon Hill,POWER FORWARD,28,MIAMI HEAT,11,187,8.1,0.471,0.533,0.356,3.1,9.2,6.3,7.3,3.1,2.7,17.4,14.8,-0.2,0.3,0.1,0.023,-3.7,0.8,-2.8,0.0,False
hoardja01,Jaylen Hoard,POWER FORWARD,20,PORTLAND TRAIL BLAZERS,13,103,14.9,0.504,0.094,0.406,14.4,18.1,16.2,5.3,2.3,0.0,9.6,17.2,0.1,0.1,0.2,0.093,-0.8,-1.3,-2.1,0.0,False
holidaa01,Aaron Holiday,POINT GUARD,23,INDIANA PACERS,66,1617,11.6,0.521,0.393,0.155,1.5,9.0,5.3,19.1,1.7,0.9,12.8,18.7,0.4,1.7,2.1,0.063,-1.6,0.0,-1.6,0.2,False
holidjr01,Jrue Holiday,SHOOTING GUARD,29,NEW ORLEANS PELICANS,61,2117,17.0,0.537,0.344,0.181,3.8,10.9,7.3,29.1,2.2,1.9,14.5,24.5,2.0,1.9,3.9,0.088,1.6,0.2,1.8,2.0,False
holidju01,Justin Holiday,SMALL FORWARD,30,INDIANA PACERS,73,1826,12.1,0.585,0.681,0.138,1.9,12.2,7.1,6.7,2.3,2.2,7.9,13.4,1.6,2.6,4.2,0.112,-0.5,1.8,1.3,1.5,False
holliro01,Rondae Hollis-Jefferson,POWER FORWARD,25,TORONTO RAPTORS,60,1122,15.1,0.533,0.07,0.435,10.6,15.9,13.3,13.6,2.0,2.0,13.1,17.2,1.4,2.0,3.4,0.146,-1.2,1.5,0.3,0.6,False
holmeri01,Richaun Holmes,CENTER,26,SACRAMENTO KINGS,44,1242,19.7,0.681,0.0,0.343,11.2,21.5,16.2,5.1,1.6,4.3,11.6,15.6,3.4,1.5,4.9,0.19,0.3,0.7,1.0,0.9,False
hoodro01,Rodney Hood,SMALL FORWARD,27,PORTLAND TRAIL BLAZERS,21,619,12.2,0.625,0.413,0.157,1.7,10.4,6.1,7.0,1.3,0.6,9.4,13.9,0.9,0.2,1.1,0.084,-0.4,-0.5,-0.9,0.2,False
horfoal01,Al Horford,CENTER,33,PHILADELPHIA 76ERS,67,2025,15.7,0.536,0.399,0.113,5.6,19.3,12.4,19.2,1.2,2.6,9.7,17.5,2.8,2.6,5.4,0.128,1.3,1.0,2.2,2.2,False
hortota01,Talen Horton-Tucker,SHOOTING GUARD,19,LOS ANGELES LAKERS,6,81,12.3,0.535,0.433,0.133,2.7,6.7,4.7,10.5,4.7,1.1,15.9,19.7,0.0,0.2,0.1,0.07,-4.0,2.0,-2.1,0.0,False
houseda01,Danuel House Jr.,SMALL FORWARD,26,HOUSTON ROCKETS,63,1913,11.3,0.572,0.659,0.167,3.1,11.6,7.3,6.1,1.6,1.5,8.5,13.7,1.9,1.8,3.6,0.091,-0.8,0.0,-0.7,0.6,False
howardw01,Dwight Howard,CENTER,34,LOS ANGELES LAKERS,69,1306,18.7,0.696,0.018,0.773,14.6,27.8,21.2,4.8,1.1,5.4,18.5,14.7,2.8,2.6,5.4,0.197,-1.0,1.2,0.2,0.7,False
howarwi01,William Howard,POWER FORWARD,26,HOUSTON ROCKETS,2,13,-12.7,0.0,1.0,0.0,0.0,16.3,8.1,9.1,0.0,0.0,20.0,15.9,-0.1,0.0,-0.1,-0.357,-14.2,-5.4,-19.6,-0.1,False
huertke01,Kevin Huerter,SHOOTING GUARD,21,ATLANTA HAWKS,56,1760,11.5,0.536,0.548,0.105,2.1,12.0,7.0,17.5,1.4,1.3,12.0,17.1,1.0,0.6,1.6,0.043,-0.7,-0.9,-1.6,0.2,False
huntede01,De'Andre Hunter,SMALL FORWARD,22,ATLANTA HAWKS,63,2018,8.6,0.521,0.445,0.211,2.3,13.1,7.6,8.0,1.0,0.7,12.1,17.5,-0.4,0.5,0.1,0.002,-2.9,-1.8,-4.7,-1.4,False
hutchch01,Chandler Hutchison,SMALL FORWARD,23,CHICAGO BULLS,28,527,12.4,0.521,0.217,0.446,3.6,19.8,11.3,7.4,2.5,1.3,11.4,19.1,0.0,0.7,0.7,0.06,-2.7,0.1,-2.6,-0.1,False
ibakase01,Serge Ibaka,CENTER,30,TORONTO RAPTORS,55,1485,17.3,0.583,0.272,0.185,8.3,23.5,16.1,8.6,0.9,3.0,13.1,24.0,1.2,2.7,3.9,0.126,0.1,0.0,0.1,0.8,False
iguodan01,Andre Iguodala,SMALL FORWARD,36,MIAMI HEAT,21,418,10.5,0.507,0.534,0.17,4.7,15.7,10.4,16.9,1.6,5.0,21.6,12.7,0.0,0.6,0.6,0.065,-1.9,1.4,-0.5,0.2,False
ilyaser01,Ersan İlyasova,POWER FORWARD,32,MILWAUKEE BUCKS,63,986,14.9,0.589,0.438,0.278,6.6,22.7,15.1,6.6,1.1,1.5,8.8,16.1,1.6,2.0,3.6,0.174,-0.3,0.8,0.4,0.6,False
inglejo01,Joe Ingles,POWER FORWARD,32,UTAH JAZZ,72,2137,12.6,0.595,0.638,0.17,1.4,12.5,7.2,24.4,1.5,0.4,19.3,15.1,2.7,2.1,4.8,0.108,0.1,0.7,0.7,1.5,False
ingrabr01,Brandon Ingram,POWER FORWARD,22,NEW ORLEANS PELICANS,62,2104,18.8,0.587,0.35,0.336,2.6,16.6,9.6,19.3,1.3,1.5,13.1,28.1,3.3,1.8,5.1,0.115,2.5,-0.4,2.1,2.2,False
irvinky01,Kyrie Irving,POINT GUARD,27,BROOKLYN NETS,20,658,26.2,0.595,0.341,0.245,3.5,12.5,8.1,36.7,1.9,1.3,10.1,32.6,2.1,0.8,2.9,0.21,6.7,0.9,7.7,1.6,False
isaacjo01,Jonathan Isaac,POWER FORWARD,22,ORLANDO MAGIC,34,980,17.3,0.552,0.283,0.232,6.2,19.6,12.7,7.4,2.6,7.2,11.8,18.3,0.6,1.9,2.5,0.12,-0.6,2.9,2.3,1.1,False
iwundwe01,Wes Iwundu,SMALL FORWARD,25,ORLANDO MAGIC,52,953,10.3,0.544,0.352,0.416,2.6,12.5,7.4,8.8,1.3,1.2,8.6,13.7,0.8,0.8,1.7,0.084,-2.7,0.0,-2.6,-0.2,False
jacksfr01,Frank Jackson,POINT GUARD,21,NEW ORLEANS PELICANS,59,797,9.1,0.51,0.435,0.227,2.9,8.1,5.5,10.8,1.0,0.4,11.9,21.2,-0.2,0.3,0.2,0.01,-3.3,-2.2,-5.5,-0.7,False
jacksja02,Jaren Jackson Jr.,CENTER,20,MEMPHIS GRIZZLIES,57,1622,16.3,0.593,0.489,0.247,3.6,13.2,8.5,7.2,1.2,5.0,10.6,24.0,1.6,1.8,3.5,0.103,0.3,0.1,0.4,1.0,False
jacksjo02,Josh Jackson,SMALL FORWARD,22,MEMPHIS GRIZZLIES,22,381,14.1,0.547,0.453,0.314,3.1,14.9,9.1,13.1,2.2,2.1,13.4,22.8,0.1,0.5,0.5,0.069,-1.0,1.1,0.1,0.2,False
jacksju01,Justin Jackson,POWER FORWARD,24,DALLAS MAVERICKS,65,1045,9.5,0.496,0.478,0.147,2.7,12.6,7.7,6.8,0.7,0.8,3.7,15.4,0.6,0.6,1.2,0.054,-2.1,-1.3,-3.4,-0.4,False
jacksre01,Reggie Jackson,POINT GUARD,29,DETROIT PISTONS,14,381,14.7,0.492,0.414,0.167,3.2,9.1,6.1,30.8,1.0,0.2,9.8,27.0,0.2,0.1,0.4,0.047,1.7,-2.2,-0.5,0.1,False
jacksre01,Reggie Jackson,SHOOTING GUARD,29,LOS ANGELES CLIPPERS,17,362,12.6,0.587,0.492,0.164,1.8,12.6,7.3,21.3,0.7,1.0,16.9,19.1,0.4,0.4,0.8,0.1,0.0,-0.2,-0.2,0.2,False
jamesju01,Justin James,SMALL FORWARD,23,SACRAMENTO KINGS,36,232,11.0,0.477,0.345,0.25,2.8,12.9,7.8,11.2,1.3,3.7,7.9,18.9,-0.1,0.2,0.1,0.028,-1.4,0.0,-1.4,0.0,False
jamesle01,LeBron James,POINT GUARD,35,LOS ANGELES LAKERS,67,2316,25.5,0.577,0.326,0.292,3.2,21.5,12.4,49.1,1.6,1.4,15.1,31.5,6.2,3.6,9.8,0.204,6.6,1.8,8.4,6.1,False
jeffeam01,Amile Jefferson,POWER FORWARD,26,ORLANDO MAGIC,18,74,8.9,0.372,0.0,1.0,14.1,19.5,16.7,7.2,0.7,3.7,13.0,13.5,0.0,0.1,0.0,0.023,-4.8,-1.0,-5.8,-0.1,False
jeffrda01,DaQuan Jeffries,SHOOTING GUARD,22,SACRAMENTO KINGS,13,141,11.2,0.586,0.45,0.15,2.3,12.3,7.2,7.1,1.4,0.7,4.5,13.7,0.2,0.1,0.3,0.1,-2.8,-1.1,-3.8,-0.1,False
jeromty01,Ty Jerome,SHOOTING GUARD,22,PHOENIX SUNS,31,328,7.9,0.425,0.442,0.142,2.3,13.4,7.8,18.2,2.2,0.8,13.0,17.9,-0.3,0.3,0.0,-0.003,-3.9,0.1,-3.7,-0.1,False
johnsal02,Alize Johnson,POWER FORWARD,23,INDIANA PACERS,17,118,13.3,0.509,0.276,0.345,15.0,29.4,22.3,7.7,1.2,1.5,17.3,15.0,0.1,0.2,0.3,0.111,-1.8,0.2,-1.6,0.0,False
johnsbj01,B.J. Johnson,SMALL FORWARD,24,ORLANDO MAGIC,10,83,5.4,0.412,0.281,0.313,3.8,16.1,9.7,5.1,1.8,0.0,14.2,22.1,-0.2,0.1,-0.1,-0.074,-5.8,-3.2,-9.0,-0.1,False
johnsca02,Cameron Johnson,POWER FORWARD,23,PHOENIX SUNS,57,1255,12.9,0.586,0.672,0.141,4.3,12.4,8.3,7.7,1.4,1.4,6.9,15.7,1.7,1.0,2.7,0.102,0.8,-0.4,0.3,0.7,False
johnsja01,James Johnson,POWER FORWARD,32,MIAMI HEAT,18,281,11.1,0.547,0.517,0.161,3.3,16.9,10.4,11.1,1.0,4.6,13.9,17.0,0.0,0.4,0.4,0.065,-2.6,0.8,-1.8,0.0,False
johnsja01,James Johnson,CENTER,32,MINNESOTA TIMBERWOLVES,14,338,17.9,0.588,0.359,0.266,5.1,15.9,10.3,24.4,2.6,4.7,18.8,21.4,0.3,0.4,0.8,0.109,0.1,1.5,1.6,0.3,False
johnske04,Keldon Johnson,SMALL FORWARD,20,SAN ANTONIO SPURS,17,301,19.1,0.711,0.247,0.494,3.6,16.8,10.2,7.2,2.2,0.6,10.7,17.4,0.8,0.2,1.1,0.174,1.5,0.0,1.5,0.3,False
johnsst04,Stanley Johnson,POWER FORWARD,23,TORONTO RAPTORS,25,150,9.9,0.454,0.407,0.271,5.0,20.6,13.0,19.4,1.9,2.6,18.5,23.1,-0.3,0.3,0.0,0.014,-3.9,1.4,-2.5,0.0,False
johnsty01,Tyler Johnson,POINT GUARD,27,PHOENIX SUNS,31,515,8.1,0.481,0.485,0.187,2.1,9.2,5.6,13.3,1.1,1.4,11.5,17.3,-0.2,0.3,0.2,0.014,-3.0,-0.6,-3.6,-0.2,False
johnsty01,Tyler Johnson,SHOOTING GUARD,27,BROOKLYN NETS,8,194,15.6,0.552,0.456,0.228,4.4,8.4,6.4,18.6,1.0,0.4,5.4,19.8,0.4,0.1,0.6,0.144,0.6,-1.7,-1.1,0.0,False
jokicni01,Nikola Jokić,CENTER,24,DENVER NUGGETS,73,2336,24.9,0.605,0.238,0.281,8.0,26.1,17.1,35.2,1.8,1.7,15.8,26.6,6.7,3.1,9.8,0.202,5.5,2.0,7.4,5.5,False
jonesda03,Damian Jones,CENTER,24,ATLANTA HAWKS,55,887,15.6,0.712,0.051,0.472,8.9,16.2,12.5,5.6,1.4,3.8,11.5,11.4,2.2,0.6,2.8,0.152,-1.6,0.1,-1.5,0.1,False
jonesde02,Derrick Jones Jr.,SMALL FORWARD,22,MIAMI HEAT,59,1375,14.9,0.62,0.378,0.352,5.6,13.1,9.5,6.7,2.1,2.7,6.9,13.9,2.6,1.8,4.4,0.153,-0.3,1.1,0.7,1.0,False
jonesty01,Tyus Jones,POINT GUARD,23,MEMPHIS GRIZZLIES,65,1232,15.7,0.532,0.289,0.135,0.8,7.9,4.4,32.0,2.2,0.4,10.8,17.2,1.9,1.1,3.0,0.117,0.4,0.2,0.6,0.8,False
jordade01,DeAndre Jordan,CENTER,31,BROOKLYN NETS,56,1234,19.9,0.682,0.0,0.425,12.1,34.5,23.5,12.6,0.7,3.5,17.8,14.1,3.0,2.2,5.2,0.2,1.2,1.8,3.0,1.5,False
josepco01,Cory Joseph,POINT GUARD,28,SACRAMENTO KINGS,72,1759,10.1,0.517,0.386,0.17,2.7,9.4,6.0,19.1,1.5,1.1,15.3,12.9,1.2,1.1,2.3,0.062,-2.1,0.1,-2.0,0.0,False
kabenmf01,Mfiondu Kabengele,CENTER,22,LOS ANGELES CLIPPERS,12,64,18.2,0.614,0.625,0.156,1.7,15.8,8.9,4.9,1.5,2.8,5.5,23.7,0.1,0.1,0.2,0.173,2.3,-0.1,2.2,0.1,False
kaminfr01,Frank Kaminsky,CENTER,26,PHOENIX SUNS,39,777,14.2,0.545,0.404,0.293,4.9,20.4,12.6,14.3,0.9,1.1,9.6,21.0,0.7,0.7,1.4,0.087,-0.1,-0.4,-0.5,0.3,False
kennalu01,Luke Kennard,SHOOTING GUARD,23,DETROIT PISTONS,28,922,14.4,0.589,0.535,0.219,1.1,11.1,6.0,19.2,0.6,0.5,10.3,19.8,1.6,0.3,1.9,0.1,1.1,-1.4,-0.3,0.4,False
kiddst01,Stanton Kidd,SHOOTING GUARD,27,UTAH JAZZ,4,15,-13.7,0.0,0.333,0.0,0.0,21.3,11.0,8.0,0.0,0.0,40.0,14.6,-0.1,0.0,-0.1,-0.327,-16.2,-1.4,-17.6,-0.1,False
kiddgmi01,Michael Kidd-Gilchrist,POWER FORWARD,26,CHARLOTTE HORNETS,12,160,6.1,0.421,0.321,0.17,5.9,18.4,11.9,9.5,0.0,1.7,10.9,17.6,-0.2,0.1,-0.1,-0.028,-5.3,-1.6,-6.9,-0.2,False
kiddgmi01,Michael Kidd-Gilchrist,POWER FORWARD,26,DALLAS MAVERICKS,13,121,1.7,0.395,0.231,0.385,4.4,23.1,13.9,4.0,0.8,2.1,37.2,8.5,-0.2,0.1,-0.1,-0.032,-7.6,-0.4,-8.0,-0.2,False
kinglo02,Louis King,SMALL FORWARD,20,DETROIT PISTONS,10,62,6.2,0.448,0.524,0.143,1.8,16.7,9.2,11.8,1.6,0.0,8.2,17.1,-0.1,0.0,0.0,-0.007,-5.1,-1.1,-6.2,-0.1,False
klebima01,Maxi Kleber,POWER FORWARD,28,DALLAS MAVERICKS,74,1890,13.6,0.605,0.621,0.181,6.3,15.1,10.8,6.3,0.6,3.8,9.5,13.9,3.2,1.7,4.8,0.123,0.4,0.0,0.4,1.1,False
knighbr03,Brandon Knight,SHOOTING GUARD,28,CLEVELAND CAVALIERS,16,241,5.4,0.431,0.744,0.151,1.4,7.9,4.6,18.0,1.0,0.7,14.9,19.1,-0.3,0.0,-0.3,-0.062,-3.8,-2.7,-6.5,-0.3,False
knighbr03,Brandon Knight,POINT GUARD,28,DETROIT PISTONS,9,221,11.9,0.576,0.827,0.259,0.5,10.4,5.4,25.6,1.1,0.4,19.6,22.2,0.1,0.1,0.2,0.046,0.5,-2.5,-2.0,0.0,False
knoxke01,Kevin Knox,SMALL FORWARD,20,NEW YORK KNICKS,65,1166,8.3,0.47,0.496,0.252,2.5,14.7,8.4,7.4,1.0,2.3,9.2,17.8,-0.5,0.7,0.2,0.007,-3.1,-1.1,-4.2,-0.7,False
konchjo01,John Konchar,SHOOTING GUARD,23,MEMPHIS GRIZZLIES,19,181,18.0,0.713,0.27,0.054,10.7,16.6,13.7,16.2,1.8,1.5,15.6,10.3,0.5,0.2,0.7,0.182,2.5,2.0,4.5,0.3,False
korkmfu01,Furkan Korkmaz,SHOOTING GUARD,22,PHILADELPHIA 76ERS,72,1559,12.0,0.579,0.632,0.181,1.3,10.6,6.0,7.3,1.3,0.9,8.8,18.4,1.4,1.4,2.8,0.085,-0.4,-1.0,-1.3,0.3,False
kornelu01,Luke Kornet,CENTER,24,CHICAGO BULLS,36,559,12.7,0.539,0.578,0.15,4.1,12.9,8.3,8.5,0.9,4.4,6.6,16.3,0.5,0.6,1.1,0.091,-0.9,-0.2,-1.2,0.1,False
korveky01,Kyle Korver,SMALL FORWARD,38,MILWAUKEE BUCKS,58,960,11.3,0.62,0.809,0.14,1.6,10.4,6.3,9.2,1.2,1.1,13.4,15.4,0.9,1.5,2.5,0.124,-0.6,0.7,0.1,0.5,False
kurucro01,Rodions Kurucs,POWER FORWARD,21,BROOKLYN NETS,47,684,8.9,0.555,0.508,0.215,3.9,16.6,10.4,10.4,1.7,0.6,19.2,14.7,-0.1,0.8,0.8,0.055,-3.6,0.9,-2.8,-0.1,False
kuzmaky01,Kyle Kuzma,POWER FORWARD,24,LOS ANGELES LAKERS,61,1526,12.2,0.531,0.407,0.232,3.8,15.7,9.8,7.6,0.9,1.5,11.0,22.9,0.1,1.9,2.0,0.063,-1.6,-1.0,-2.6,-0.2,False
labissk01,Skal Labissière,CENTER,23,PORTLAND TRAIL BLAZERS,33,567,15.4,0.588,0.088,0.224,12.1,19.0,15.6,10.1,0.6,4.7,15.7,14.3,1.0,0.4,1.4,0.119,-1.5,0.2,-1.3,0.1,False
lambje01,Jeremy Lamb,SHOOTING GUARD,27,INDIANA PACERS,46,1291,14.0,0.547,0.33,0.23,2.1,14.8,8.5,10.5,2.1,1.5,8.7,19.6,0.9,1.8,2.7,0.099,-1.1,0.8,-0.4,0.5,False
langfro01,Romeo Langford,SHOOTING GUARD,20,BOSTON CELTICS,32,370,5.4,0.434,0.338,0.313,4.4,7.4,5.9,4.5,1.0,2.0,10.8,11.8,-0.2,0.4,0.2,0.025,-4.7,-0.3,-4.9,-0.3,False
lavinza01,Zach LaVine,SMALL FORWARD,24,CHICAGO BULLS,60,2085,19.4,0.568,0.404,0.279,2.1,13.8,7.7,21.7,2.0,1.3,13.3,31.7,1.8,2.2,4.0,0.091,3.3,-0.8,2.5,2.4,False
lawvi01,Vic Law,POWER FORWARD,24,ORLANDO MAGIC,8,62,3.7,0.363,0.389,0.333,3.4,16.2,9.6,6.7,1.6,0.0,8.8,15.8,-0.1,0.1,-0.1,-0.052,-7.0,-2.6,-9.6,-0.1,False
laymaja01,Jake Layman,SMALL FORWARD,25,MINNESOTA TIMBERWOLVES,23,505,10.3,0.544,0.402,0.179,3.4,8.7,6.0,4.4,1.6,1.6,11.1,17.7,0.0,0.3,0.3,0.03,-2.8,-0.9,-3.7,-0.2,False
leaftj01,T.J. Leaf,POWER FORWARD,22,INDIANA PACERS,28,222,12.9,0.451,0.209,0.186,11.5,23.5,17.5,5.7,2.2,1.6,7.9,20.0,-0.1,0.4,0.3,0.061,-2.5,0.1,-2.4,0.0,False
lecquja01,Jalen Lecque,SHOOTING GUARD,19,PHOENIX SUNS,5,32,2.7,0.46,0.4,0.2,0.0,7.0,3.5,8.6,0.0,0.0,15.5,17.1,0.0,0.0,0.0,-0.065,-6.6,-2.9,-9.5,-0.1,False
leeco01,Courtney Lee,SHOOTING GUARD,34,DALLAS MAVERICKS,24,345,10.8,0.629,0.573,0.085,2.2,7.5,4.9,4.7,2.5,1.5,11.4,11.9,0.3,0.3,0.7,0.092,-2.1,1.5,-0.6,0.1,False
leeda03,Damion Lee,SHOOTING GUARD,27,GOLDEN STATE WARRIORS,49,1423,12.7,0.548,0.468,0.247,2.4,16.3,9.1,14.4,1.7,0.4,10.6,19.0,0.9,0.8,1.7,0.058,-1.5,-0.8,-2.3,-0.1,False
lenal01,Alex Len,CENTER,26,ATLANTA HAWKS,40,745,17.5,0.59,0.215,0.312,9.8,23.6,16.6,8.7,1.3,3.7,11.7,18.6,1.1,0.6,1.8,0.113,-0.2,-0.2,-0.4,0.3,False
lenal01,Alex Len,CENTER,26,SACRAMENTO KINGS,15,225,18.2,0.64,0.051,0.407,15.1,30.8,22.8,5.2,0.6,6.4,18.7,16.5,0.4,0.3,0.7,0.15,-1.3,-0.3,-1.6,0.0,False
leonaka01,Kawhi Leonard,SMALL FORWARD,28,LOS ANGELES CLIPPERS,57,1848,26.9,0.589,0.287,0.355,3.1,19.1,11.3,26.4,2.6,1.6,10.2,33.0,5.4,3.3,8.7,0.226,6.5,2.4,8.9,5.1,False
leoname01,Meyers Leonard,CENTER,27,MIAMI HEAT,51,1034,10.6,0.627,0.547,0.12,3.4,24.0,14.1,7.6,0.7,1.4,13.7,12.2,0.9,1.2,2.1,0.096,-1.3,0.4,-0.9,0.3,False
leverca01,Caris LeVert,SHOOTING GUARD,25,BROOKLYN NETS,45,1330,16.1,0.514,0.301,0.269,3.9,10.7,7.4,25.0,1.9,0.6,12.6,29.5,0.1,1.4,1.5,0.055,0.6,-0.9,-0.3,0.5,False
lillada01,Damian Lillard,POINT GUARD,29,PORTLAND TRAIL BLAZERS,66,2474,26.9,0.627,0.5,0.384,1.4,10.5,6.0,34.4,1.3,0.8,11.0,30.3,10.9,0.7,11.6,0.225,8.3,-0.9,7.5,5.9,False
littlna01,Nassir Little,POWER FORWARD,19,PORTLAND TRAIL BLAZERS,48,573,9.6,0.505,0.391,0.291,5.7,13.9,9.9,5.0,1.1,2.1,8.1,13.7,0.3,0.3,0.6,0.047,-2.9,-0.6,-3.5,-0.2,False
looneke01,Kevon Looney,CENTER,23,GOLDEN STATE WARRIORS,20,262,9.4,0.403,0.177,0.152,11.2,16.3,13.6,11.1,2.2,2.1,12.5,15.7,-0.2,0.2,0.0,0.006,-4.8,-0.8,-5.6,-0.2,False
lopezbr01,Brook Lopez,CENTER,31,MILWAUKEE BUCKS,68,1817,15.0,0.551,0.484,0.227,3.4,13.0,8.5,7.4,1.2,7.9,8.7,18.3,1.4,4.1,5.5,0.145,-0.4,2.5,2.0,1.9,False
lopezro01,Robin Lopez,CENTER,31,MILWAUKEE BUCKS,66,958,10.2,0.554,0.351,0.177,6.2,10.2,8.3,6.3,0.5,4.1,16.4,16.6,-0.1,1.6,1.5,0.077,-3.0,0.4,-2.6,-0.2,False
loveke01,Kevin Love,POWER FORWARD,31,CLEVELAND CAVALIERS,56,1780,17.9,0.599,0.536,0.301,3.3,31.1,17.1,15.4,0.9,0.9,14.5,23.1,2.5,1.3,3.8,0.101,2.6,-0.5,2.0,1.8,False
lowryky01,Kyle Lowry,POINT GUARD,33,TORONTO RAPTORS,58,2098,17.7,0.59,0.58,0.427,1.6,12.8,7.3,30.6,1.9,1.2,15.7,23.1,4.2,3.3,7.5,0.171,2.2,1.0,3.2,2.8,False
luwawti01,Timothé Luwawu-Cabarrot,SMALL FORWARD,24,BROOKLYN NETS,47,853,11.0,0.599,0.595,0.301,3.6,11.6,7.7,4.9,1.0,0.7,10.8,16.8,0.9,0.7,1.7,0.095,-1.8,-0.5,-2.2,-0.1,False
lylestr01,Trey Lyles,POWER FORWARD,24,SAN ANTONIO SPURS,63,1271,12.6,0.557,0.49,0.131,6.0,24.6,15.3,7.2,1.1,1.9,9.7,13.6,1.2,1.0,2.2,0.083,-0.5,-0.7,-1.2,0.3,False
maconda01,Daryl Macon,POINT GUARD,24,MIAMI HEAT,4,14,-3.1,0.5,0.667,0.0,0.0,0.0,0.0,9.7,0.0,0.0,40.0,15.7,0.0,0.0,0.0,-0.161,-7.3,-4.8,-12.0,0.0,False
macurjp01,J.P. Macura,SHOOTING GUARD,24,CLEVELAND CAVALIERS,1,1,0.0,0.0,0.0,0.0,0.0,0.0,0.0,0.0,0.0,0.0,0.0,0.0,0.0,0.0,0.0,-0.022,-5.2,-1.2,-6.4,0.0,False
magetjo01,Josh Magette,POINT GUARD,30,ORLANDO MAGIC,8,38,5.1,0.378,0.267,0.133,2.7,14.6,8.5,19.2,3.8,2.4,23.9,23.7,-0.2,0.1,-0.1,-0.127,-7.9,1.6,-6.2,0.0,False
mahinia01,Ian Mahinmi,CENTER,33,WASHINGTON WIZARDS,38,808,14.2,0.545,0.124,0.538,10.1,19.7,14.7,8.3,1.8,4.8,14.8,15.7,0.7,0.7,1.4,0.083,-2.8,0.0,-2.7,-0.2,False
makerth01,Thon Maker,CENTER,22,DETROIT PISTONS,60,776,13.7,0.582,0.332,0.57,7.8,16.7,12.2,8.0,1.6,4.2,15.7,16.1,0.7,0.8,1.5,0.096,-2.1,0.7,-1.4,0.1,False
mannte01,Terance Mann,SMALL FORWARD,23,LOS ANGELES CLIPPERS,41,362,10.6,0.545,0.253,0.342,2.9,12.6,7.9,19.3,1.4,1.2,16.5,12.6,0.4,0.4,0.8,0.106,-2.7,1.2,-1.5,0.0,False
marjabo01,Boban Marjanović,CENTER,31,DALLAS MAVERICKS,44,422,25.7,0.612,0.081,0.27,16.6,32.1,24.5,8.3,0.9,2.0,11.3,26.9,1.2,0.6,1.8,0.2,2.8,-1.6,1.2,0.3,False
markkla01,Lauri Markkanen,POWER FORWARD,22,CHICAGO BULLS,50,1492,14.3,0.56,0.536,0.259,4.2,19.7,11.6,7.6,1.4,1.5,11.0,21.1,1.0,1.6,2.6,0.084,0.2,-0.8,-0.6,0.5,False
martica02,Caleb Martin,SMALL FORWARD,24,CHARLOTTE HORNETS,18,317,12.0,0.595,0.44,0.25,3.3,10.0,6.5,11.1,1.9,2.0,13.9,15.0,0.3,0.2,0.5,0.081,-1.6,0.6,-1.0,0.1,False
martico01,Cody Martin,SMALL FORWARD,24,CHARLOTTE HORNETS,48,903,10.5,0.505,0.372,0.314,4.4,15.1,9.6,15.7,2.2,0.9,15.7,13.6,0.2,0.8,1.0,0.052,-3.1,1.0,-2.1,0.0,False
martije02,Jeremiah Martin,POINT GUARD,23,BROOKLYN NETS,9,99,21.8,0.541,0.34,0.264,1.1,9.2,5.2,30.8,3.3,1.7,6.3,26.7,0.2,0.1,0.4,0.176,1.5,1.7,3.2,0.1,False
martike03,Kelan Martin,SMALL FORWARD,24,MINNESOTA TIMBERWOLVES,31,495,9.2,0.506,0.53,0.171,2.5,18.6,10.2,6.8,0.7,1.5,9.3,17.8,-0.1,0.3,0.2,0.023,-3.3,-1.0,-4.3,-0.3,False
masonfr01,Frank Mason III,POINT GUARD,25,MILWAUKEE BUCKS,9,118,16.9,0.53,0.412,0.333,4.5,11.1,8.0,35.0,1.9,0.7,15.8,24.3,0.1,0.2,0.4,0.143,-0.6,0.6,0.0,0.1,False
mathega01,Garrison Mathews,SHOOTING GUARD,23,WASHINGTON WIZARDS,18,227,13.1,0.691,0.821,0.607,2.8,9.0,5.8,5.8,1.6,0.4,10.1,14.5,0.6,0.1,0.6,0.131,-0.6,-0.5,-1.1,0.1,False
matthwe02,Wesley Matthews,SHOOTING GUARD,33,MILWAUKEE BUCKS,67,1635,8.1,0.547,0.704,0.161,1.4,8.2,5.0,7.1,1.1,0.5,8.7,12.5,0.8,2.4,3.2,0.093,-2.6,0.7,-1.8,0.1,False
mbahalu01,Luc Mbah a Moute,POWER FORWARD,33,HOUSTON ROCKETS,3,25,6.4,0.425,0.4,0.4,4.2,4.2,4.2,0.0,3.7,0.0,14.5,11.4,0.0,0.0,0.0,-0.008,-5.2,-2.2,-7.4,0.0,False
mccawpa01,Patrick McCaw,SMALL FORWARD,24,TORONTO RAPTORS,37,908,7.3,0.5,0.438,0.111,2.3,7.6,5.0,11.5,2.0,0.4,14.6,9.4,0.2,1.2,1.4,0.075,-3.6,1.8,-1.8,0.0,False
mccolcj01,CJ McCollum,SHOOTING GUARD,28,PORTLAND TRAIL BLAZERS,70,2556,17.0,0.541,0.378,0.136,1.9,10.2,6.1,19.1,1.0,1.4,8.1,25.9,3.5,0.6,4.1,0.077,2.3,-1.8,0.5,1.6,False
mccontj01,T.J. McConnell,POINT GUARD,27,INDIANA PACERS,71,1326,16.5,0.54,0.041,0.102,3.2,12.4,7.8,37.6,2.0,0.7,18.9,17.5,1.7,1.7,3.3,0.121,0.1,0.4,0.5,0.8,False
mcdanja01,Jalen McDaniels,SMALL FORWARD,22,CHARLOTTE HORNETS,16,293,10.7,0.574,0.343,0.243,5.4,19.4,12.1,6.8,1.4,0.9,12.4,13.3,0.2,0.2,0.5,0.078,-3.4,0.1,-3.3,-0.1,False
mcderdo01,Doug McDermott,POWER FORWARD,28,INDIANA PACERS,69,1372,14.4,0.62,0.537,0.106,2.1,11.7,7.0,8.4,0.4,0.3,6.8,19.6,2.3,1.1,3.3,0.117,1.4,-1.3,0.0,0.7,False
mcgeeja01,JaVale McGee,CENTER,32,LOS ANGELES LAKERS,68,1130,19.4,0.652,0.02,0.268,12.2,25.4,18.9,4.6,1.5,7.5,13.9,14.8,2.2,2.4,4.7,0.198,-0.6,2.1,1.5,1.0,False
mcgruro01,Rodney McGruder,SHOOTING GUARD,28,LOS ANGELES CLIPPERS,56,871,6.7,0.477,0.492,0.188,3.6,14.2,9.0,5.3,1.4,0.8,10.9,10.6,-0.1,1.1,1.0,0.055,-3.7,0.8,-3.0,-0.2,False
mckinal01,Alfonzo McKinnie,SMALL FORWARD,27,CLEVELAND CAVALIERS,40,593,8.7,0.493,0.38,0.181,6.9,14.4,10.6,3.3,1.9,1.2,12.3,15.2,-0.2,0.3,0.2,0.014,-4.4,-0.9,-5.3,-0.5,False
mclaujo01,Jordan McLaughlin,POINT GUARD,23,MINNESOTA TIMBERWOLVES,30,590,16.3,0.587,0.427,0.219,1.2,7.8,4.4,31.0,2.7,0.6,13.7,15.8,1.1,0.4,1.6,0.13,0.3,0.0,0.3,0.3,False
mclembe01,Ben McLemore,SMALL FORWARD,26,HOUSTON ROCKETS,71,1619,11.8,0.622,0.829,0.123,1.3,8.9,5.1,5.2,1.3,0.8,8.0,16.0,2.2,1.1,3.3,0.099,0.1,-0.6,-0.5,0.6,False
mcraejo01,Jordan McRae,SHOOTING GUARD,28,WASHINGTON WIZARDS,29,654,15.2,0.523,0.334,0.262,2.7,15.1,8.7,19.1,1.4,2.0,9.7,24.9,0.4,0.3,0.7,0.051,0.8,-1.2,-0.4,0.3,False
mcraejo01,Jordan McRae,SHOOTING GUARD,28,DENVER NUGGETS,4,32,16.7,0.58,0.667,0.667,3.5,14.0,8.8,15.6,3.1,2.9,0.0,10.5,0.1,0.0,0.1,0.201,1.1,1.4,2.5,0.0,False
mcraejo01,Jordan McRae,SHOOTING GUARD,28,DETROIT PISTONS,4,98,6.5,0.446,0.372,0.512,0.0,17.6,8.7,10.7,0.0,0.0,8.7,25.7,-0.1,0.0,-0.1,-0.053,-5.6,-4.2,-9.8,-0.2,False
mellini01,Nicolò Melli,CENTER,29,NEW ORLEANS PELICANS,60,1042,11.4,0.556,0.638,0.226,3.9,14.5,9.2,10.5,1.5,1.8,11.5,15.7,0.9,0.9,1.8,0.082,-1.5,0.2,-1.3,0.2,False
meltode01,De'Anthony Melton,POINT GUARD,21,MEMPHIS GRIZZLIES,60,1167,13.5,0.501,0.349,0.302,4.0,15.7,9.9,20.1,3.1,1.5,15.6,19.2,0.1,1.7,1.7,0.072,-2.2,2.0,-0.2,0.5,False
metuch01,Chimezie Metu,CENTER,22,SAN ANTONIO SPURS,18,105,22.2,0.608,0.048,0.31,12.3,21.6,16.9,14.9,1.4,5.0,17.3,23.7,0.2,0.1,0.3,0.13,1.7,-0.1,1.7,0.1,False
middlkh01,Khris Middleton,SMALL FORWARD,28,MILWAUKEE BUCKS,62,1853,21.1,0.619,0.374,0.24,2.5,17.0,10.2,22.2,1.3,0.3,11.6,26.4,4.6,3.3,7.9,0.205,3.4,0.7,4.1,2.9,False
mikaer01,Eric Mika,CENTER,25,SACRAMENTO KINGS,1,19,13.9,0.773,0.0,0.667,11.6,30.4,20.7,0.0,0.0,0.0,0.0,8.9,0.1,0.0,0.1,0.218,-1.9,-1.5,-3.4,0.0,False
milescj01,C.J. Miles,SMALL FORWARD,32,WASHINGTON WIZARDS,10,161,11.1,0.472,0.593,0.339,2.6,5.7,4.1,10.0,2.9,2.2,5.6,18.6,0.0,0.1,0.1,0.035,-1.7,0.0,-1.7,0.0,False
millema01,Malcolm Miller,SMALL FORWARD,26,TORONTO RAPTORS,28,162,6.7,0.538,0.759,0.276,1.3,8.9,5.2,8.9,1.5,1.2,11.0,9.6,0.1,0.2,0.3,0.082,-3.5,1.2,-2.3,0.0,False
millspa02,Patty Mills,POINT GUARD,31,SAN ANTONIO SPURS,66,1485,14.8,0.592,0.674,0.187,1.6,6.2,3.9,11.4,1.7,0.4,7.7,20.4,2.3,0.5,2.8,0.091,1.2,-1.2,0.0,0.8,False
millspa01,Paul Millsap,POWER FORWARD,34,DENVER NUGGETS,51,1240,16.9,0.591,0.283,0.322,8.9,17.6,13.2,9.6,1.8,2.2,12.3,20.0,2.1,1.4,3.5,0.136,0.3,-0.2,0.1,0.7,False
miltosh01,Shake Milton,SHOOTING GUARD,23,PHILADELPHIA 76ERS,40,805,14.4,0.617,0.487,0.235,2.1,10.0,6.0,18.8,1.2,0.7,13.3,18.9,1.4,0.7,2.1,0.126,0.0,-1.0,-1.0,0.2,False
mitchdo01,Donovan Mitchell,SHOOTING GUARD,23,UTAH JAZZ,69,2364,18.8,0.558,0.352,0.24,2.6,11.3,7.1,21.6,1.4,0.5,11.0,30.8,3.2,2.2,5.4,0.11,2.4,-0.6,1.9,2.3,False
mitrona01,Naz Mitrou-Long,SHOOTING GUARD,26,INDIANA PACERS,5,47,7.8,0.412,0.706,0.0,0.0,16.2,8.2,22.8,1.0,1.9,15.0,18.7,-0.1,0.1,0.0,-0.022,-3.5,2.1,-1.4,0.0,False
mokokad01,Adam Mokoka,SMALL FORWARD,21,CHICAGO BULLS,11,112,8.2,0.538,0.536,0.143,6.6,3.1,4.9,5.0,1.7,0.0,6.3,12.1,0.1,0.1,0.2,0.073,-2.9,-1.2,-4.1,-0.1,False
monkma01,Malik Monk,SHOOTING GUARD,21,CHARLOTTE HORNETS,55,1169,12.6,0.53,0.418,0.205,2.4,12.6,7.3,16.6,1.1,1.3,12.6,22.9,0.1,0.6,0.7,0.028,-1.1,-1.3,-2.3,-0.1,False
moonema01,Matt Mooney,SHOOTING GUARD,22,CLEVELAND CAVALIERS,4,19,8.1,0.25,0.5,0.0,0.0,17.7,8.8,6.7,5.1,4.5,0.0,9.0,0.0,0.0,0.0,0.007,-5.3,5.0,-0.4,0.0,False
mooreet01,E'Twaun Moore,SHOOTING GUARD,30,NEW ORLEANS PELICANS,56,1020,11.3,0.51,0.382,0.103,3.2,10.4,6.8,11.0,1.5,0.9,8.1,19.9,0.3,0.7,0.9,0.043,-1.9,-0.8,-2.7,-0.2,False
moranja01,Ja Morant,POINT GUARD,20,MEMPHIS GRIZZLIES,67,2074,17.4,0.556,0.191,0.329,2.6,10.4,6.6,35.2,1.3,0.8,17.0,25.9,2.3,1.5,3.8,0.088,1.4,-1.2,0.3,1.2,False
morgaju01,Juwan Morgan,POWER FORWARD,22,UTAH JAZZ,21,134,10.1,0.648,0.308,0.154,8.5,15.1,11.9,6.2,0.4,1.2,17.8,11.0,0.2,0.1,0.3,0.106,-2.9,-0.3,-3.2,0.0,False
morrima03,Marcus Morris,SMALL FORWARD,30,NEW YORK KNICKS,43,1387,16.5,0.582,0.415,0.311,3.6,14.7,9.0,6.8,1.2,1.2,9.2,24.4,2.1,0.8,2.9,0.101,1.8,-1.1,0.7,0.9,False
morrima03,Marcus Morris,POWER FORWARD,30,LOS ANGELES CLIPPERS,19,549,8.9,0.523,0.483,0.126,2.1,12.3,7.4,6.8,1.1,2.1,11.6,15.8,0.0,0.7,0.6,0.055,-2.5,0.3,-2.2,0.0,False
morrima02,Markieff Morris,POWER FORWARD,30,DETROIT PISTONS,44,988,12.7,0.573,0.486,0.203,2.7,17.3,9.9,11.0,1.3,0.9,14.2,21.8,0.3,0.7,1.0,0.049,-1.1,-1.0,-2.1,0.0,False
morrima02,Markieff Morris,POWER FORWARD,30,LOS ANGELES LAKERS,14,199,11.5,0.516,0.565,0.087,8.9,15.8,12.4,5.4,1.2,2.7,7.7,16.5,0.2,0.3,0.4,0.106,-1.3,-0.1,-1.4,0.0,False
morrimo01,Monte Morris,POINT GUARD,24,DENVER NUGGETS,73,1636,14.9,0.545,0.304,0.157,1.6,7.7,4.7,22.1,1.7,1.0,8.1,17.5,2.7,1.1,3.8,0.112,0.4,-0.5,-0.2,0.7,False
motlejo01,Johnathan Motley,POWER FORWARD,24,LOS ANGELES CLIPPERS,13,41,28.5,0.774,0.067,0.467,7.8,17.3,12.7,32.9,3.5,0.0,21.7,23.5,0.2,0.1,0.3,0.299,4.8,3.3,8.1,0.1,False
mudiaem01,Emmanuel Mudiay,POINT GUARD,23,UTAH JAZZ,54,850,13.0,0.543,0.266,0.254,2.4,13.5,8.2,20.9,1.4,1.0,17.3,22.6,0.1,0.9,1.0,0.057,-1.8,-0.1,-1.9,0.0,False
muldemy01,Mychal Mulder,SMALL FORWARD,25,GOLDEN STATE WARRIORS,7,204,7.8,0.533,0.776,0.179,1.5,11.0,6.1,5.8,0.5,0.4,6.5,16.2,0.0,0.0,0.1,0.017,-3.2,-2.9,-6.0,-0.2,False
murrade01,Dejounte Murray,POINT GUARD,23,SAN ANTONIO SPURS,66,1687,16.2,0.524,0.174,0.179,4.4,20.1,12.2,23.1,3.1,0.9,15.4,20.8,0.7,2.0,2.6,0.074,-0.9,1.3,0.4,1.0,False
murraja01,Jamal Murray,POINT GUARD,22,DENVER NUGGETS,59,1904,17.7,0.559,0.362,0.207,2.7,11.2,6.9,22.9,1.7,0.8,11.5,25.2,2.8,1.5,4.3,0.107,2.0,-0.8,1.2,1.5,False
musadz01,Džanan Musa,SMALL FORWARD,20,BROOKLYN NETS,40,487,9.4,0.484,0.453,0.349,4.6,13.5,9.1,12.6,1.5,0.2,15.4,20.1,-0.3,0.5,0.2,0.016,-3.5,-0.9,-4.4,-0.3,False
muscami01,Mike Muscala,CENTER,28,OKLAHOMA CITY THUNDER,47,572,12.5,0.569,0.757,0.116,3.2,17.3,10.4,10.1,0.8,1.8,7.9,16.6,0.7,0.6,1.3,0.107,0.1,-0.2,-0.1,0.3,False
mykhasv01,Svi Mykhailiuk,SMALL FORWARD,22,DETROIT PISTONS,56,1265,11.2,0.578,0.704,0.173,1.5,7.9,4.7,12.3,1.6,0.3,12.3,17.1,1.0,0.6,1.6,0.06,-0.7,-1.2,-1.9,0.0,False
naderab01,Abdel Nader,SMALL FORWARD,26,OKLAHOMA CITY THUNDER,55,867,11.3,0.591,0.487,0.251,1.8,10.6,6.4,6.4,1.3,2.0,12.8,17.0,0.5,0.9,1.3,0.074,-1.2,0.2,-1.0,0.2,False
nancela02,Larry Nance Jr.,POWER FORWARD,27,CLEVELAND CAVALIERS,56,1472,17.3,0.608,0.369,0.172,7.9,23.1,15.4,12.3,1.9,1.3,11.5,15.2,2.8,1.1,3.9,0.128,1.4,0.4,1.7,1.4,False
napiesh01,Shabazz Napier,POINT GUARD,28,MINNESOTA TIMBERWOLVES,36,856,13.9,0.539,0.562,0.311,2.0,11.9,6.8,31.3,2.2,0.7,19.1,19.1,0.6,0.6,1.3,0.071,-0.6,-0.2,-0.8,0.3,False
napiesh01,Shabazz Napier,POINT GUARD,28,WASHINGTON WIZARDS,20,488,13.6,0.573,0.468,0.376,1.9,9.1,5.4,21.7,2.8,0.7,20.5,21.6,0.1,0.3,0.4,0.039,-0.9,-0.7,-1.6,0.0,False
netora01,Raul Neto,POINT GUARD,27,PHILADELPHIA 76ERS,54,668,12.7,0.567,0.396,0.212,1.8,8.3,5.0,20.3,1.7,0.8,16.2,18.7,0.5,0.6,1.2,0.083,-1.2,-0.6,-1.8,0.0,False
newmama01,Malik Newman,SHOOTING GUARD,22,CLEVELAND CAVALIERS,1,4,-11.4,0.347,0.5,1.0,0.0,0.0,0.0,0.0,0.0,0.0,25.8,41.5,0.0,0.0,0.0,-0.502,-14.5,-11.2,-25.7,0.0,False
niangge01,Georges Niang,POWER FORWARD,26,UTAH JAZZ,66,923,11.7,0.589,0.699,0.075,1.9,12.9,7.6,7.0,0.9,0.4,8.3,17.2,1.0,0.8,1.8,0.092,0.4,-0.5,-0.1,0.4,False
noahjo01,Joakim Noah,CENTER,34,LOS ANGELES CLIPPERS,5,50,11.1,0.608,0.0,1.0,10.7,22.3,16.6,17.9,0.9,1.8,34.2,14.7,0.0,0.1,0.1,0.096,-4.1,2.5,-1.6,0.0,False
noelne01,Nerlens Noel,CENTER,25,OKLAHOMA CITY THUNDER,61,1127,20.4,0.711,0.011,0.394,9.2,19.9,14.7,7.6,2.5,6.9,17.3,14.9,2.6,2.3,4.9,0.209,-0.3,3.4,3.1,1.5,False
norveza01,Zach Norvell,SHOOTING GUARD,22,LOS ANGELES LAKERS,2,5,-5.6,0.0,0.0,0.0,0.0,21.6,10.9,0.0,0.0,0.0,0.0,8.4,0.0,0.0,0.0,-0.152,-10.3,-2.5,-12.8,0.0,False
norveza01,Zach Norvell,SHOOTING GUARD,22,GOLDEN STATE WARRIORS,3,36,3.7,0.437,0.727,0.091,0.0,15.6,7.5,11.7,2.7,0.0,20.8,17.1,-0.1,0.0,-0.1,-0.075,-6.7,-1.0,-7.7,-0.1,False
nowelja01,Jaylen Nowell,SHOOTING GUARD,20,MINNESOTA TIMBERWOLVES,15,151,10.5,0.471,0.491,0.321,2.0,7.3,4.5,17.8,0.9,0.6,4.7,17.3,0.1,0.0,0.2,0.051,-2.9,-0.8,-3.8,-0.1,False
ntilila01,Frank Ntilikina,POINT GUARD,21,NEW YORK KNICKS,57,1187,9.8,0.497,0.411,0.177,2.0,9.1,5.4,20.2,2.2,1.3,16.5,15.4,0.1,0.8,0.9,0.037,-3.6,0.4,-3.2,-0.4,False
nunnke01,Kendrick Nunn,POINT GUARD,24,MIAMI HEAT,67,1962,12.9,0.534,0.428,0.109,1.2,8.7,5.1,18.5,1.4,0.8,10.6,24.1,0.4,1.6,2.0,0.049,-1.0,-1.3,-2.3,-0.1,False
nurkiju01,Jusuf Nurkić,CENTER,25,PORTLAND TRAIL BLAZERS,8,253,22.6,0.567,0.092,0.321,9.6,24.1,16.9,19.1,2.1,5.4,13.2,24.0,0.5,0.3,0.9,0.164,1.0,1.0,2.0,0.2,False
nwabada01,David Nwaba,SMALL FORWARD,27,BROOKLYN NETS,20,268,14.0,0.627,0.394,0.38,3.2,14.0,8.7,4.3,1.9,3.7,8.8,14.2,0.4,0.4,0.8,0.138,-1.0,2.0,1.1,0.2,False
onealro01,Royce O'Neale,SMALL FORWARD,26,UTAH JAZZ,71,2049,9.5,0.578,0.668,0.151,1.5,18.8,10.4,11.6,1.4,1.3,13.5,9.6,1.8,2.5,4.3,0.101,-1.3,2.2,0.9,1.5,False
oquinky01,Kyle O'Quinn,CENTER,29,PHILADELPHIA 76ERS,29,313,18.6,0.544,0.318,0.235,12.0,29.0,20.5,22.7,1.1,6.5,17.6,15.7,0.5,0.6,1.1,0.165,0.3,2.7,3.0,0.4,False
ojelese01,Semi Ojeleye,POWER FORWARD,25,BOSTON CELTICS,69,1011,7.7,0.562,0.648,0.163,2.8,12.5,7.7,4.7,1.0,0.5,8.3,9.7,0.8,1.0,1.9,0.088,-2.1,0.4,-1.7,0.1,False
okafoja01,Jahlil Okafor,CENTER,24,NEW ORLEANS PELICANS,30,467,18.3,0.642,0.019,0.383,10.9,18.0,14.4,12.0,0.7,3.9,16.7,19.9,0.9,0.4,1.3,0.133,-0.5,0.3,-0.2,0.2,False
okoboel01,Elie Okobo,POINT GUARD,22,PHOENIX SUNS,55,719,10.6,0.516,0.392,0.392,2.4,11.6,6.9,21.2,1.6,0.5,15.2,14.8,0.5,0.5,1.0,0.067,-1.9,0.0,-1.9,0.0,False
okogijo01,Josh Okogie,SHOOTING GUARD,21,MINNESOTA TIMBERWOLVES,62,1547,11.5,0.553,0.387,0.48,5.7,12.8,9.1,8.9,2.0,1.4,15.3,15.1,0.9,1.2,2.2,0.068,-2.4,0.0,-2.4,-0.2,False
okpalkz01,KZ Okpala,POWER FORWARD,20,MIAMI HEAT,5,26,13.7,0.595,0.2,0.4,4.5,16.6,10.8,5.5,3.8,3.8,14.5,11.7,0.0,0.0,0.1,0.118,-1.3,3.7,2.4,0.0,False
oladivi01,Victor Oladipo,SHOOTING GUARD,27,INDIANA PACERS,19,528,11.3,0.506,0.423,0.24,1.9,13.6,7.8,15.4,1.6,0.7,14.7,26.5,-0.6,0.6,0.0,0.002,-2.2,-1.1,-3.3,-0.2,False
olynyke01,Kelly Olynyk,CENTER,28,MIAMI HEAT,67,1300,14.6,0.621,0.588,0.251,3.9,21.6,13.1,13.3,1.7,1.8,13.8,17.4,1.9,1.8,3.7,0.135,0.0,1.0,1.0,1.0,False
onimi01,Miye Oni,SMALL FORWARD,22,UTAH JAZZ,10,109,9.7,0.512,0.594,0.156,5.2,11.7,8.6,5.1,1.8,1.5,10.5,15.3,0.0,0.1,0.1,0.063,-3.1,-1.1,-4.3,-0.1,False
osmande01,Cedi Osman,SMALL FORWARD,24,CLEVELAND CAVALIERS,65,1910,10.7,0.552,0.527,0.154,2.2,11.3,6.7,11.6,1.4,0.7,12.3,16.6,1.0,0.6,1.6,0.04,-1.7,-0.9,-2.6,-0.3,False
oubreke01,Kelly Oubre Jr.,SMALL FORWARD,24,PHOENIX SUNS,56,1933,14.9,0.56,0.372,0.298,3.8,17.1,10.4,6.6,1.7,1.8,8.2,22.4,1.7,2.1,3.8,0.093,-0.3,-0.3,-0.5,0.7,False
owensta01,Tariq Owens,POWER FORWARD,24,PHOENIX SUNS,3,15,8.4,0.34,0.4,0.4,14.6,7.5,11.1,0.0,3.2,0.0,0.0,16.7,0.0,0.0,0.0,0.021,-3.1,-2.7,-5.8,0.0,False
pargoje01,Jeremy Pargo,POINT GUARD,33,GOLDEN STATE WARRIORS,3,44,12.6,0.557,0.318,0.045,2.4,5.1,3.7,33.2,1.1,0.0,15.1,25.7,0.0,0.0,0.0,0.011,-2.8,-3.1,-5.9,0.0,False
parkeja01,Jabari Parker,POWER FORWARD,24,ATLANTA HAWKS,32,837,17.2,0.565,0.293,0.183,6.9,17.9,12.3,11.6,2.3,1.5,12.4,24.0,0.5,0.7,1.2,0.068,0.3,-0.3,0.0,0.4,False
parkeja01,Jabari Parker,POWER FORWARD,24,SACRAMENTO KINGS,6,80,26.5,0.638,0.111,0.25,9.6,23.1,16.2,21.5,1.8,1.2,9.1,23.8,0.3,0.1,0.4,0.234,3.5,-0.9,2.6,0.1,False
parsoch01,Chandler Parsons,POWER FORWARD,31,ATLANTA HAWKS,5,54,5.6,0.389,0.778,0.0,2.0,12.1,7.0,7.5,3.5,1.6,14.3,16.1,-0.1,0.0,-0.1,-0.065,-4.4,-1.6,-6.0,-0.1,False
pascher01,Eric Paschall,POWER FORWARD,23,GOLDEN STATE WARRIORS,60,1654,14.5,0.571,0.202,0.331,5.2,13.1,9.0,12.7,0.9,0.7,11.4,21.4,1.6,0.5,2.1,0.062,-0.7,-2.0,-2.7,-0.3,False
pasecan01,Anžejs Pasečņiks,CENTER,24,WASHINGTON WIZARDS,27,437,11.3,0.551,0.026,0.5,10.1,16.9,13.4,5.7,1.0,2.4,14.5,15.8,0.3,0.2,0.5,0.054,-4.1,-1.5,-5.6,-0.4,False
pattepa01,Patrick Patterson,POWER FORWARD,30,LOS ANGELES CLIPPERS,59,776,11.5,0.58,0.738,0.185,4.8,15.1,10.1,7.2,0.4,0.3,7.7,14.7,1.1,0.8,1.9,0.118,0.8,-0.5,0.3,0.5,False
pattoju01,Justin Patton,CENTER,22,OKLAHOMA CITY THUNDER,5,24,4.7,0.45,0.4,0.0,4.7,17.9,11.5,12.6,0.0,0.0,16.7,22.0,-0.1,0.0,0.0,-0.063,-6.8,-3.3,-10.1,0.0,False
paulch01,Chris Paul,POINT GUARD,34,OKLAHOMA CITY THUNDER,70,2208,21.7,0.61,0.343,0.315,1.3,15.7,8.7,34.0,2.4,0.4,13.8,23.3,5.9,3.0,8.9,0.193,3.0,1.4,4.4,3.5,False
payneca01,Cameron Payne,SHOOTING GUARD,25,PHOENIX SUNS,8,183,15.7,0.612,0.426,0.103,2.4,16.6,9.4,19.5,2.1,1.0,13.4,19.1,0.3,0.2,0.5,0.12,0.7,1.0,1.7,0.2,False
paytoel01,Elfrid Payton,POINT GUARD,25,NEW YORK KNICKS,45,1246,16.0,0.47,0.157,0.195,4.3,14.1,9.1,38.6,2.7,1.3,16.7,19.5,0.5,1.2,1.7,0.065,-0.4,0.4,0.0,0.6,False
paytoga02,Gary Payton II,SMALL FORWARD,27,WASHINGTON WIZARDS,29,432,11.3,0.473,0.397,0.069,6.3,14.2,10.1,14.8,3.6,1.4,14.3,13.4,0.0,0.4,0.5,0.051,-3.1,1.5,-1.6,0.0,False
pelleno01,Norvel Pelle,CENTER,26,PHILADELPHIA 76ERS,24,232,10.5,0.526,0.021,0.292,9.5,24.8,17.1,4.6,0.6,11.4,24.9,13.4,-0.2,0.5,0.3,0.069,-7.8,2.6,-5.2,-0.2,False
pinsoth01,Theo Pinson,SHOOTING GUARD,24,BROOKLYN NETS,33,365,5.2,0.37,0.516,0.103,2.9,12.2,7.7,21.7,2.2,0.9,16.9,22.3,-1.0,0.4,-0.6,-0.078,-6.8,-0.2,-7.0,-0.5,False
plumlma01,Mason Plumlee,CENTER,29,DENVER NUGGETS,61,1057,18.8,0.613,0.017,0.538,10.4,23.2,16.8,20.9,1.5,3.3,18.7,18.0,2.0,1.4,3.4,0.153,0.3,1.7,2.0,1.1,False
poeltja01,Jakob Poeltl,CENTER,24,SAN ANTONIO SPURS,66,1171,19.1,0.612,0.0,0.323,12.1,22.5,17.3,13.6,1.5,7.1,15.1,13.2,2.4,1.6,4.0,0.163,0.5,2.0,2.5,1.3,False
poirivi01,Vincent Poirier,CENTER,26,BOSTON CELTICS,22,130,12.7,0.525,0.056,0.194,10.8,24.4,17.7,8.5,0.7,6.4,17.0,15.4,0.1,0.2,0.3,0.113,-4.8,1.0,-3.8,-0.1,False
pondssh01,Shamorie Ponds,POINT GUARD,21,TORONTO RAPTORS,4,11,33.1,0.765,0.4,0.4,0.0,9.4,4.8,32.4,0.0,8.9,0.0,22.8,0.1,0.0,0.1,0.45,8.4,5.3,13.7,0.0,False
poolejo01,Jordan Poole,SHOOTING GUARD,20,GOLDEN STATE WARRIORS,57,1274,7.2,0.454,0.528,0.237,0.7,9.6,5.0,15.8,1.3,0.7,11.8,21.1,-1.6,0.4,-1.2,-0.047,-4.4,-2.2,-6.6,-1.5,False
porteke02,Kevin Porter Jr.,SMALL FORWARD,19,CLEVELAND CAVALIERS,50,1162,10.8,0.535,0.375,0.24,2.1,13.5,7.7,13.9,1.9,1.0,16.7,20.5,-0.3,0.6,0.3,0.012,-3.2,-0.6,-3.8,-0.5,False
portemi01,Michael Porter Jr.,SMALL FORWARD,21,DENVER NUGGETS,55,903,19.8,0.617,0.384,0.188,8.2,23.9,16.1,7.9,1.5,2.6,10.6,22.3,1.8,1.1,2.9,0.154,2.4,-0.8,1.5,0.8,False
porteot01,Otto Porter Jr.,SMALL FORWARD,26,CHICAGO BULLS,14,331,15.8,0.55,0.443,0.193,4.1,12.3,8.0,11.9,2.2,1.7,6.8,21.0,0.4,0.4,0.8,0.112,0.8,0.2,1.0,0.3,False
portibo01,Bobby Portis,POWER FORWARD,24,NEW YORK KNICKS,66,1393,14.6,0.53,0.317,0.158,6.0,20.4,12.9,11.1,1.1,1.2,10.4,21.4,0.9,1.0,1.9,0.064,0.0,-1.1,-1.1,0.3,False
porzikr01,Kristaps Porziņģis,CENTER,24,DALLAS MAVERICKS,57,1814,20.2,0.551,0.432,0.304,5.9,25.1,15.6,8.8,1.1,5.4,8.0,27.0,2.6,2.6,5.2,0.138,1.8,0.1,1.9,1.8,False
poweldw01,Dwight Powell,CENTER,28,DALLAS MAVERICKS,40,1061,15.9,0.677,0.17,0.485,7.5,14.8,11.2,7.7,1.5,1.8,11.5,12.6,2.6,1.0,3.6,0.162,0.4,0.9,1.3,0.9,False
powelno01,Norman Powell,SHOOTING GUARD,26,TORONTO RAPTORS,52,1479,16.8,0.624,0.457,0.256,1.9,11.4,6.8,9.7,1.9,1.4,10.4,21.5,2.3,2.3,4.6,0.15,1.2,0.8,2.0,1.5,False
princta02,Taurean Prince,POWER FORWARD,25,BROOKLYN NETS,64,1857,9.1,0.497,0.583,0.12,2.8,18.1,10.6,9.2,1.5,1.1,14.0,20.4,-1.7,2.3,0.6,0.014,-2.8,-0.1,-2.9,-0.4,False
randlch01,Chasson Randle,POINT GUARD,26,GOLDEN STATE WARRIORS,3,40,6.7,0.377,0.5,1.5,0.0,5.6,2.7,15.7,2.4,0.0,0.0,7.1,0.0,0.0,0.0,0.045,-6.0,0.2,-5.9,0.0,False
randlju01,Julius Randle,POWER FORWARD,25,NEW YORK KNICKS,64,2080,17.5,0.538,0.23,0.35,7.5,24.9,16.0,15.8,1.2,1.0,14.3,27.6,0.9,1.8,2.7,0.062,0.7,-1.0,-0.3,0.9,False
reavejo02,Josh Reaves,SMALL FORWARD,22,DALLAS MAVERICKS,4,28,5.8,0.405,0.222,0.222,3.8,7.4,5.6,14.2,0.0,0.0,0.0,15.1,0.0,0.0,0.0,0.031,-5.3,-4.0,-9.4,-0.1,False
reddica01,Cam Reddish,SMALL FORWARD,20,ATLANTA HAWKS,58,1551,9.0,0.5,0.451,0.227,2.4,12.7,7.5,8.0,1.9,1.5,13.6,18.9,-1.2,0.8,-0.4,-0.011,-3.3,-1.0,-4.2,-0.9,False
redicjj01,J.J. Redick,SHOOTING GUARD,35,NEW ORLEANS PELICANS,60,1581,15.4,0.644,0.629,0.293,0.7,9.5,5.1,10.8,0.6,0.5,9.5,20.4,3.6,0.6,4.1,0.125,2.3,-1.7,0.7,1.1,False
reidna01,Naz Reid,CENTER,20,MINNESOTA TIMBERWOLVES,30,495,15.3,0.505,0.399,0.218,7.0,19.9,13.2,11.2,1.8,3.7,7.6,24.0,0.2,0.6,0.8,0.074,-1.6,-0.3,-1.9,0.0,False
richajo01,Josh Richardson,SHOOTING GUARD,26,PHILADELPHIA 76ERS,55,1693,12.0,0.533,0.385,0.218,2.7,8.7,5.7,13.9,1.5,1.8,12.8,20.6,0.5,1.7,2.1,0.061,-1.4,-0.4,-1.8,0.1,False
riverau01,Austin Rivers,SHOOTING GUARD,27,HOUSTON ROCKETS,68,1594,10.4,0.542,0.539,0.222,1.8,9.8,5.8,10.0,1.4,0.5,8.3,15.6,1.2,1.2,2.4,0.072,-2.1,-0.4,-2.5,-0.2,False
roberan03,Andre Roberson,SMALL FORWARD,28,OKLAHOMA CITY THUNDER,7,87,5.4,0.335,0.483,0.069,9.2,24.7,17.1,6.3,0.6,3.0,6.3,16.1,-0.1,0.1,0.0,-0.017,-5.2,-0.2,-5.4,-0.1,False
robindu01,Duncan Robinson,SHOOTING GUARD,25,MIAMI HEAT,73,2166,13.1,0.684,0.882,0.105,0.5,11.0,6.0,7.1,0.8,0.9,8.9,16.0,3.7,1.6,5.3,0.118,1.5,-1.0,0.5,1.3,False
robingl02,Glenn Robinson III,SMALL FORWARD,26,GOLDEN STATE WARRIORS,48,1516,13.1,0.574,0.335,0.146,4.6,11.9,8.1,8.8,1.4,0.8,8.5,16.6,1.5,0.6,2.1,0.067,-0.6,-1.1,-1.7,0.1,False
robingl02,Glenn Robinson III,SMALL FORWARD,26,PHILADELPHIA 76ERS,14,270,14.7,0.598,0.318,0.141,6.1,11.9,9.0,5.9,1.6,0.6,5.2,15.2,0.5,0.3,0.8,0.137,0.0,-1.3,-1.4,0.0,False
robinje01,Jerome Robinson,SHOOTING GUARD,22,LOS ANGELES CLIPPERS,42,476,4.8,0.423,0.493,0.14,1.1,11.7,6.5,12.6,1.3,1.5,15.3,15.0,-0.6,0.6,0.0,-0.004,-5.3,0.6,-4.7,-0.3,False
robinje01,Jerome Robinson,SHOOTING GUARD,22,WASHINGTON WIZARDS,21,503,9.8,0.516,0.494,0.218,1.7,13.8,7.5,11.3,1.4,1.6,10.8,17.7,0.0,0.2,0.2,0.022,-2.3,-0.9,-3.2,-0.1,False
robinju01,Justin Robinson,POINT GUARD,22,WASHINGTON WIZARDS,9,49,8.2,0.542,0.417,0.0,2.1,9.3,5.6,18.8,0.0,1.8,20.0,12.7,0.0,0.0,0.0,0.007,-2.6,-3.1,-5.7,0.0,False
robinmi01,Mitchell Robinson,CENTER,21,NEW YORK KNICKS,61,1412,23.5,0.726,0.0,0.434,13.7,18.8,16.2,3.9,1.8,8.0,8.3,13.3,4.8,2.0,6.8,0.23,1.6,1.4,2.9,1.8,False
robyis01,Isaiah Roby,POWER FORWARD,21,OKLAHOMA CITY THUNDER,3,11,-7.7,0.0,0.0,0.0,0.0,19.5,10.0,0.0,0.0,0.0,50.0,8.0,-0.1,0.0,0.0,-0.188,-12.0,-3.4,-15.4,0.0,False
rondora01,Rajon Rondo,POINT GUARD,33,LOS ANGELES LAKERS,48,984,12.4,0.494,0.381,0.125,2.6,13.1,7.9,32.9,1.9,0.2,20.8,18.7,0.1,1.3,1.4,0.068,-1.2,-0.1,-1.4,0.2,False
rosede01,Derrick Rose,POINT GUARD,31,DETROIT PISTONS,50,1298,21.0,0.555,0.195,0.185,2.3,8.3,5.3,40.5,1.5,1.0,13.4,31.6,1.8,0.7,2.5,0.092,3.9,-1.7,2.2,1.4,False
rosste01,Terrence Ross,SHOOTING GUARD,28,ORLANDO MAGIC,69,1889,14.0,0.548,0.596,0.217,0.7,12.3,6.3,6.8,2.0,1.1,7.0,22.8,1.1,2.0,3.0,0.077,-0.1,-0.3,-0.4,0.8,False
roziete01,Terry Rozier,POINT GUARD,25,CHARLOTTE HORNETS,63,2164,14.8,0.553,0.45,0.202,2.4,11.8,7.0,20.4,1.4,0.4,12.1,23.7,1.9,1.1,3.0,0.066,0.8,-1.2,-0.4,0.8,False
rubiori01,Ricky Rubio,POINT GUARD,29,PHOENIX SUNS,65,2016,16.5,0.535,0.312,0.327,2.5,14.4,8.4,39.7,2.2,0.5,17.9,20.4,2.9,2.0,4.9,0.117,0.7,0.2,1.0,1.5,False
russeda01,D'Angelo Russell,POINT GUARD,23,GOLDEN STATE WARRIORS,33,1060,19.1,0.558,0.506,0.227,1.4,11.4,6.2,36.0,1.4,0.8,12.6,32.2,0.9,0.4,1.3,0.058,4.5,-1.9,2.6,1.2,False
russeda01,D'Angelo Russell,POINT GUARD,23,MINNESOTA TIMBERWOLVES,12,392,17.6,0.553,0.521,0.261,0.8,14.5,7.4,33.1,2.0,0.8,16.4,29.5,0.2,0.3,0.5,0.064,1.8,-1.7,0.1,0.2,False
sabondo01,Domantas Sabonis,POWER FORWARD,23,INDIANA PACERS,62,2159,20.7,0.586,0.079,0.349,9.7,29.3,19.6,21.7,1.1,1.2,14.8,23.3,4.1,3.4,7.5,0.168,2.0,1.2,3.2,2.9,False
samanlu01,Luka Šamanić,POWER FORWARD,20,SAN ANTONIO SPURS,3,48,8.8,0.45,0.5,0.25,2.2,20.2,11.2,16.3,0.0,3.7,10.1,17.8,0.0,0.0,0.0,0.011,-2.4,-1.7,-4.1,0.0,False
sampsja02,JaKarr Sampson,POWER FORWARD,26,INDIANA PACERS,34,471,12.6,0.615,0.113,0.235,4.7,15.7,10.2,6.1,1.6,2.2,10.6,13.2,0.6,0.7,1.2,0.124,-2.8,1.4,-1.4,0.1,False
saricda01,Dario Šarić,POWER FORWARD,25,PHOENIX SUNS,66,1632,14.2,0.592,0.437,0.238,6.7,21.1,13.8,10.8,1.1,0.9,12.9,17.8,2.1,1.5,3.6,0.105,-0.1,-0.3,-0.4,0.7,False
satorto01,Tomáš Satoranský,SHOOTING GUARD,28,CHICAGO BULLS,65,1878,13.5,0.533,0.361,0.22,4.3,11.0,7.5,27.1,2.1,0.4,17.7,16.7,1.8,1.7,3.5,0.09,-1.1,-0.2,-1.2,0.4,False
schofad01,Admiral Schofield,POWER FORWARD,22,WASHINGTON WIZARDS,33,368,6.1,0.502,0.663,0.163,2.0,12.4,7.0,5.3,1.0,0.9,6.6,11.9,0.1,0.1,0.1,0.017,-4.3,-1.2,-5.5,-0.3,False
schrode01,Dennis Schröder,POINT GUARD,26,OKLAHOMA CITY THUNDER,65,1999,16.7,0.575,0.337,0.245,1.1,11.6,6.5,21.9,1.1,0.6,13.4,27.2,1.9,1.8,3.6,0.087,1.1,-1.1,-0.1,1.0,False
scottmi01,Mike Scott,POWER FORWARD,31,PHILADELPHIA 76ERS,68,1207,11.2,0.557,0.62,0.106,5.9,16.8,11.3,6.4,0.8,0.4,6.6,14.0,1.4,1.1,2.5,0.1,-0.7,-1.1,-1.8,0.1,False
sefolth01,Thabo Sefolosha,POWER FORWARD,35,HOUSTON ROCKETS,41,436,9.4,0.487,0.593,0.088,5.0,17.5,11.2,7.5,2.5,2.4,13.7,10.4,0.0,0.6,0.7,0.072,-2.9,1.7,-1.2,0.1,False
sextoco01,Collin Sexton,POINT GUARD,21,CLEVELAND CAVALIERS,65,2143,16.3,0.56,0.235,0.246,3.1,7.5,5.3,15.1,1.5,0.3,11.6,27.2,2.1,0.4,2.5,0.057,0.3,-2.1,-1.8,0.1,False
shamela01,Landry Shamet,SHOOTING GUARD,22,LOS ANGELES CLIPPERS,53,1452,8.5,0.58,0.757,0.194,0.4,6.6,3.6,9.1,0.7,0.6,9.0,13.4,1.5,1.1,2.6,0.086,-1.8,-0.3,-2.1,0.0,False
shayoma01,Marial Shayok,SHOOTING GUARD,24,PHILADELPHIA 76ERS,4,28,1.4,0.4,0.5,0.333,3.9,23.7,13.8,4.8,0.0,3.0,17.9,25.8,-0.1,0.0,-0.1,-0.13,-9.3,-3.7,-13.0,-0.1,False
shumpim01,Iman Shumpert,SMALL FORWARD,29,BROOKLYN NETS,13,241,5.3,0.403,0.516,0.109,3.9,10.5,7.3,6.7,2.4,0.7,13.0,13.4,-0.3,0.3,0.0,-0.005,-6.2,0.7,-5.5,-0.2,False
siakapa01,Pascal Siakam,POWER FORWARD,25,TORONTO RAPTORS,60,2110,17.9,0.554,0.331,0.274,3.3,18.3,11.0,16.4,1.4,2.5,10.7,28.1,1.8,3.6,5.4,0.123,1.3,0.5,1.8,2.0,False
silvach01,Chris Silva,POWER FORWARD,23,MIAMI HEAT,44,346,17.3,0.651,0.038,0.705,20.2,20.6,20.4,9.9,1.3,6.0,23.8,17.1,0.7,0.5,1.3,0.178,-3.1,0.8,-2.3,0.0,False
simmobe01,Ben Simmons,POINT GUARD,23,PHILADELPHIA 76ERS,57,2017,20.4,0.602,0.011,0.461,6.2,18.2,12.2,33.8,2.9,1.4,20.4,20.9,3.8,3.1,6.9,0.165,1.3,2.3,3.6,2.8,False
simonan01,Anfernee Simons,SHOOTING GUARD,20,PORTLAND TRAIL BLAZERS,70,1449,9.0,0.502,0.422,0.172,1.8,9.1,5.5,9.2,0.9,0.6,9.6,18.7,0.0,0.1,0.2,0.005,-2.6,-1.9,-4.5,-0.9,False
smailal01,Alen Smailagić,CENTER,19,GOLDEN STATE WARRIORS,14,139,14.5,0.61,0.325,0.475,7.5,13.7,10.5,14.3,1.0,2.6,18.5,18.2,0.2,0.1,0.2,0.081,-1.5,-0.7,-2.2,0.0,False
smartma01,Marcus Smart,SHOOTING GUARD,25,BOSTON CELTICS,60,1919,13.8,0.518,0.579,0.223,2.4,10.1,6.3,21.1,2.5,1.4,12.1,18.9,1.7,2.8,4.5,0.112,0.0,1.4,1.4,1.6,False
smithde03,Dennis Smith Jr.,POINT GUARD,22,NEW YORK KNICKS,34,537,7.4,0.399,0.256,0.251,4.1,11.7,7.7,26.4,2.5,1.4,19.8,23.1,-1.4,0.5,-0.9,-0.079,-5.2,-0.9,-6.1,-0.6,False
smithis01,Ish Smith,POINT GUARD,31,WASHINGTON WIZARDS,68,1787,13.9,0.509,0.245,0.125,1.8,12.0,6.7,27.1,1.5,1.5,11.6,19.1,1.3,0.6,1.9,0.051,-0.3,-1.0,-1.3,0.3,False
smithjr01,J.R. Smith,SHOOTING GUARD,34,LOS ANGELES LAKERS,6,79,0.0,0.372,0.5,0.091,0.0,6.9,3.5,4.8,0.6,0.0,14.9,14.3,-0.2,0.1,-0.1,-0.077,-7.8,-2.0,-9.8,-0.2,False
smithzh01,Zhaire Smith,SMALL FORWARD,20,PHILADELPHIA 76ERS,7,32,1.1,0.313,0.273,0.364,0.0,6.9,3.5,8.2,4.5,0.0,13.6,19.9,-0.1,0.1,-0.1,-0.12,-10.2,0.4,-9.8,-0.1,False
snellto01,Tony Snell,SMALL FORWARD,28,DETROIT PISTONS,59,1641,9.7,0.598,0.665,0.084,0.6,7.1,3.8,10.9,1.0,0.8,7.3,11.4,2.1,0.5,2.6,0.076,-1.2,-0.6,-1.8,0.1,False
spellom01,Omari Spellman,CENTER,22,GOLDEN STATE WARRIORS,49,886,14.4,0.551,0.373,0.312,9.1,18.0,13.4,8.1,1.8,2.4,13.9,18.8,0.5,0.7,1.2,0.066,-0.8,-1.0,-1.8,0.1,False
strusma01,Max Strus,SMALL FORWARD,23,CHICAGO BULLS,2,6,30.7,0.727,0.333,0.333,17.5,0.0,9.2,0.0,0.0,0.0,0.0,24.4,0.0,0.0,0.0,0.316,5.7,-1.7,3.9,0.0,False
sumneed01,Edmond Sumner,SHOOTING GUARD,24,INDIANA PACERS,31,447,10.1,0.491,0.373,0.204,2.7,8.5,5.6,16.7,1.6,1.8,12.4,17.3,-0.1,0.5,0.4,0.047,-3.1,0.2,-2.9,-0.1,False
swanica01,Caleb Swanigan,CENTER,22,SACRAMENTO KINGS,7,23,-0.1,0.512,0.0,0.5,9.6,25.1,17.1,11.5,2.1,8.3,55.1,20.5,-0.1,0.0,-0.1,-0.177,-15.4,3.7,-11.7,-0.1,False
swanica01,Caleb Swanigan,POWER FORWARD,22,PORTLAND TRAIL BLAZERS,20,265,8.2,0.605,0.047,0.349,10.0,26.5,18.3,14.1,0.4,1.6,38.5,12.9,-0.1,0.2,0.1,0.02,-5.5,-0.1,-5.5,-0.2,False
tatumja01,Jayson Tatum,POWER FORWARD,21,BOSTON CELTICS,66,2265,20.4,0.567,0.383,0.255,3.1,18.5,10.9,14.5,2.0,2.3,10.2,28.6,3.2,3.7,6.9,0.146,3.5,0.6,4.0,3.4,False
teaguje01,Jeff Teague,POINT GUARD,31,MINNESOTA TIMBERWOLVES,34,945,15.9,0.578,0.269,0.444,1.6,8.5,4.9,32.5,1.2,1.1,16.4,20.2,1.7,0.4,2.1,0.108,0.6,-1.2,-0.6,0.3,False
teaguje01,Jeff Teague,POINT GUARD,31,ATLANTA HAWKS,25,519,12.2,0.512,0.182,0.321,2.5,8.8,5.6,27.3,1.7,1.0,17.5,18.3,0.2,0.2,0.4,0.035,-1.6,-1.5,-3.2,-0.2,False
templga01,Garrett Temple,SHOOTING GUARD,33,BROOKLYN NETS,62,1730,10.5,0.513,0.658,0.148,1.8,11.1,6.5,12.8,1.3,1.4,9.0,16.6,0.7,1.7,2.4,0.066,-1.4,0.3,-1.1,0.4,False
theisda01,Daniel Theis,CENTER,27,BOSTON CELTICS,65,1566,17.9,0.631,0.225,0.268,9.7,19.3,14.6,10.1,1.1,5.0,10.2,14.4,4.0,2.6,6.5,0.201,0.6,1.8,2.4,1.7,False
thomais02,Isaiah Thomas,POINT GUARD,30,WASHINGTON WIZARDS,40,925,11.6,0.531,0.444,0.178,1.2,7.0,4.0,23.4,0.7,0.6,14.4,24.1,0.1,-0.1,0.0,0.002,-0.5,-3.9,-4.4,-0.5,False
thomakh01,Khyri Thomas,SHOOTING GUARD,23,DETROIT PISTONS,8,61,3.1,0.453,0.824,0.235,1.8,0.0,0.9,6.7,2.4,0.0,13.8,15.6,-0.1,0.0,0.0,-0.038,-6.2,-1.7,-7.9,-0.1,False
thomala01,Lance Thomas,POWER FORWARD,31,BROOKLYN NETS,7,98,3.0,0.485,0.565,0.174,2.2,11.4,6.9,8.2,0.0,0.0,19.5,13.1,-0.1,0.1,0.0,-0.015,-5.7,-2.5,-8.2,-0.2,False
thomama02,Matt Thomas,SHOOTING GUARD,25,TORONTO RAPTORS,41,440,13.3,0.65,0.66,0.08,2.2,12.2,7.3,7.5,1.1,0.2,9.3,16.6,0.7,0.6,1.2,0.133,1.0,0.1,1.1,0.3,False
thomptr01,Tristan Thompson,POWER FORWARD,28,CLEVELAND CAVALIERS,57,1721,16.8,0.54,0.041,0.286,14.5,22.9,18.6,10.5,0.9,2.5,14.0,18.3,2.0,1.1,3.1,0.085,-0.2,-1.3,-1.5,0.2,False
thornsi01,Sindarius Thornwell,SMALL FORWARD,25,NEW ORLEANS PELICANS,2,35,14.7,0.627,0.364,0.364,0.0,12.2,6.1,16.1,1.3,2.4,13.6,17.3,0.0,0.0,0.1,0.101,0.4,-1.2,-0.8,0.0,False
thybuma01,Matisse Thybulle,SHOOTING GUARD,22,PHILADELPHIA 76ERS,65,1287,10.0,0.539,0.592,0.155,3.8,5.4,4.6,8.0,3.5,3.1,15.3,11.2,0.3,2.0,2.3,0.086,-2.8,3.1,0.3,0.8,False
tollian01,Anthony Tolliver,POWER FORWARD,34,PORTLAND TRAIL BLAZERS,33,554,7.5,0.515,0.761,0.162,5.2,15.5,10.4,6.6,0.7,1.4,14.3,11.2,0.2,0.2,0.4,0.031,-2.3,-0.9,-3.3,-0.2,False
tollian01,Anthony Tolliver,POWER FORWARD,34,SACRAMENTO KINGS,9,82,0.2,0.252,0.882,0.118,2.7,12.7,7.6,4.5,2.4,1.2,18.3,11.6,-0.2,0.1,-0.2,-0.1,-7.8,-1.0,-8.8,-0.1,False
tollian01,Anthony Tolliver,POWER FORWARD,34,MEMPHIS GRIZZLIES,13,236,8.0,0.602,0.854,0.167,2.3,12.3,7.4,5.3,1.4,0.4,14.9,10.7,0.1,0.2,0.3,0.061,-1.8,0.6,-1.2,0.0,False
toscaju01,Juan Toscano-Anderson,SHOOTING GUARD,26,GOLDEN STATE WARRIORS,13,272,9.4,0.529,0.365,0.079,3.5,17.8,10.4,13.8,2.3,1.7,19.7,12.7,-0.1,0.2,0.2,0.03,-4.1,0.5,-3.6,-0.1,False
townska01,Karl-Anthony Towns,CENTER,24,MINNESOTA TIMBERWOLVES,35,1187,26.5,0.642,0.445,0.363,8.1,26.1,16.8,22.8,1.3,2.9,13.2,28.8,3.7,1.3,5.1,0.204,7.0,0.8,7.8,2.9,False
trentga02,Gary Trent Jr.,SMALL FORWARD,21,PORTLAND TRAIL BLAZERS,61,1332,12.9,0.587,0.608,0.102,2.0,5.8,3.9,6.3,1.7,1.0,4.4,15.3,2.2,0.3,2.5,0.089,0.5,-0.8,-0.3,0.6,False
trieral01,Allonzo Trier,SHOOTING GUARD,24,NEW YORK KNICKS,24,291,14.5,0.62,0.5,0.406,2.1,8.7,5.3,14.8,0.5,1.3,15.0,21.4,0.5,0.1,0.5,0.087,1.0,-1.4,-0.4,0.1,False
tuckepj01,P.J. Tucker,POWER FORWARD,34,HOUSTON ROCKETS,72,2467,8.3,0.559,0.702,0.113,4.7,15.6,10.1,6.0,1.4,1.2,13.9,8.7,1.6,2.4,4.0,0.078,-2.4,0.6,-1.9,0.1,False
tuckera01,Rayjon Tucker,SHOOTING GUARD,22,UTAH JAZZ,20,161,9.7,0.584,0.395,0.535,2.1,11.2,6.8,4.4,0.3,0.5,13.1,16.6,0.1,0.1,0.2,0.063,-3.8,-2.2,-6.1,-0.2,False
turneev01,Evan Turner,SHOOTING GUARD,31,ATLANTA HAWKS,19,251,6.8,0.424,0.075,0.209,3.4,13.0,8.2,20.6,1.7,2.7,26.2,16.4,-0.5,0.1,-0.3,-0.064,-4.9,-0.7,-5.5,-0.2,False
turnemy01,Myles Turner,CENTER,23,INDIANA PACERS,62,1826,14.8,0.566,0.426,0.288,5.2,19.1,12.2,5.4,1.2,6.4,11.4,17.9,1.1,3.1,4.2,0.111,-1.0,1.1,0.1,1.0,False
uthofja01,Jarrod Uthoff,POWER FORWARD,26,MEMPHIS GRIZZLIES,4,14,-0.1,0.254,0.571,0.286,7.7,0.0,3.8,0.0,3.3,0.0,0.0,23.4,-0.1,0.0,0.0,-0.166,-10.9,-3.0,-13.9,0.0,False
uthofja01,Jarrod Uthoff,POWER FORWARD,26,WASHINGTON WIZARDS,3,39,12.0,0.682,0.455,0.0,2.7,11.7,7.0,0.0,0.0,0.0,0.0,11.7,0.1,0.0,0.1,0.083,0.9,-2.2,-1.3,0.0,False
valanjo01,Jonas Valančiūnas,CENTER,27,MEMPHIS GRIZZLIES,70,1845,22.2,0.631,0.123,0.271,12.4,32.2,22.5,10.9,0.8,3.6,13.3,21.5,4.2,2.8,7.0,0.182,2.1,0.2,2.4,2.0,False
valende01,Denzel Valentine,SMALL FORWARD,26,CHICAGO BULLS,36,488,13.0,0.511,0.578,0.034,1.9,15.5,8.4,14.2,2.6,1.2,9.8,23.3,-0.1,0.6,0.5,0.048,-0.8,0.2,-0.6,0.2,False
vandeja01,Jarred Vanderbilt,POWER FORWARD,20,DENVER NUGGETS,9,41,7.2,0.714,0.0,0.0,8.2,13.6,10.9,6.6,3.6,2.3,50.0,14.8,-0.1,0.1,0.0,-0.042,-7.3,0.9,-6.4,0.0,False
vandeja01,Jarred Vanderbilt,POWER FORWARD,20,MINNESOTA TIMBERWOLVES,2,5,11.1,0.532,1.0,2.0,0.0,21.9,10.6,0.0,0.0,0.0,0.0,15.5,0.0,0.0,0.0,0.104,-2.8,-2.8,-5.6,0.0,False
vanvlfr01,Fred VanVleet,SHOOTING GUARD,25,TORONTO RAPTORS,54,1928,16.3,0.553,0.484,0.256,1.0,9.9,5.6,27.7,2.5,0.9,12.3,21.7,2.8,3.1,5.8,0.145,1.3,1.4,2.7,2.3,False
vincega01,Gabe Vincent,POINT GUARD,23,MIAMI HEAT,9,83,1.2,0.297,0.73,0.0,0.0,6.5,3.4,10.1,2.9,0.0,2.6,20.2,-0.3,0.1,-0.2,-0.117,-8.5,-1.9,-10.4,-0.2,False
vonleno01,Noah Vonleh,CENTER,24,MINNESOTA TIMBERWOLVES,29,347,15.3,0.605,0.163,0.326,10.0,25.9,17.6,10.8,1.5,1.4,16.2,13.9,0.5,0.4,0.9,0.124,-1.5,0.4,-1.0,0.1,False
vonleno01,Noah Vonleh,CENTER,24,DENVER NUGGETS,7,30,17.6,0.838,0.167,0.667,11.2,18.6,14.9,9.5,0.0,0.0,20.5,14.1,0.1,0.0,0.1,0.166,1.3,-1.9,-0.6,0.0,False
vucevni01,Nikola Vučević,CENTER,29,ORLANDO MAGIC,62,1998,21.9,0.549,0.28,0.162,7.3,29.7,18.1,19.5,1.3,2.1,7.4,25.8,3.5,2.9,6.4,0.153,3.7,0.5,4.2,3.1,False
wadede01,Dean Wade,POWER FORWARD,23,CLEVELAND CAVALIERS,12,71,13.9,0.744,0.308,0.077,4.6,25.3,14.9,4.0,1.4,4.8,18.2,9.9,0.1,0.1,0.2,0.105,-1.7,0.5,-1.3,0.0,False
wagnemo01,Moritz Wagner,CENTER,22,WASHINGTON WIZARDS,45,835,15.1,0.638,0.301,0.357,7.0,22.2,14.3,9.8,1.6,2.0,17.7,18.6,1.1,0.6,1.7,0.099,-2.0,-0.3,-2.3,-0.1,False
waitedi01,Dion Waiters,SHOOTING GUARD,28,MIAMI HEAT,3,42,13.4,0.53,0.654,0.038,0.0,28.2,14.7,12.5,0.0,4.7,10.2,30.9,-0.1,0.1,0.0,-0.003,2.4,-0.5,1.8,0.0,False
waitedi01,Dion Waiters,SHOOTING GUARD,28,LOS ANGELES LAKERS,7,165,11.0,0.518,0.411,0.219,1.3,7.2,4.3,14.9,1.2,2.2,14.0,23.8,-0.1,0.2,0.1,0.038,-1.4,-0.6,-2.0,0.0,False
walkeke02,Kemba Walker,POINT GUARD,29,BOSTON CELTICS,56,1742,20.0,0.575,0.532,0.272,2.2,11.0,6.7,24.2,1.3,1.5,10.5,27.2,3.9,2.0,5.9,0.162,4.9,-0.3,4.6,2.9,False
walkelo01,Lonnie Walker IV,SHOOTING GUARD,21,SAN ANTONIO SPURS,61,988,10.5,0.507,0.283,0.171,2.5,12.7,7.6,9.6,1.5,1.2,10.3,18.7,-0.2,0.6,0.3,0.016,-2.5,-1.0,-3.5,-0.4,False
wallaty01,Tyrone Wallace,SHOOTING GUARD,25,ATLANTA HAWKS,14,160,3.9,0.389,0.341,0.386,2.0,13.0,7.4,10.9,2.0,0.5,16.3,16.0,-0.3,0.1,-0.2,-0.075,-7.8,-1.0,-8.7,-0.3,False
waltode01,Derrick Walton,POINT GUARD,24,LOS ANGELES CLIPPERS,23,222,8.4,0.626,0.583,0.25,1.0,5.9,3.5,12.6,0.9,0.0,9.1,8.3,0.4,0.2,0.5,0.112,-2.2,0.9,-1.3,0.0,False
waltode01,Derrick Walton,POINT GUARD,24,DETROIT PISTONS,3,26,11.3,0.5,1.0,0.0,0.0,4.4,2.2,24.8,5.7,0.0,25.0,6.7,0.0,0.0,0.1,0.105,-2.9,4.7,1.8,0.0,False
wanambr01,Brad Wanamaker,POINT GUARD,30,BOSTON CELTICS,71,1369,12.8,0.577,0.282,0.376,1.7,9.4,5.6,17.8,2.2,0.9,15.3,15.5,1.8,1.8,3.5,0.124,-1.9,1.3,-0.6,0.5,False
warretj01,T.J. Warren,SMALL FORWARD,26,INDIANA PACERS,67,2202,18.4,0.61,0.227,0.205,3.4,10.5,7.0,7.1,1.7,1.4,7.2,23.3,4.0,2.6,6.5,0.143,1.2,0.0,1.1,1.7,False
washipj01,P.J. Washington,POWER FORWARD,21,CHARLOTTE HORNETS,58,1759,12.4,0.547,0.39,0.231,3.5,16.6,9.8,11.3,1.5,2.3,12.5,18.6,0.5,1.5,2.0,0.054,-1.7,0.1,-1.6,0.2,False
watanyu01,Yuta Watanabe,SMALL FORWARD,25,MEMPHIS GRIZZLIES,18,105,11.2,0.48,0.235,0.235,7.2,12.8,10.0,6.4,2.2,0.8,5.1,15.7,0.0,0.1,0.1,0.065,-2.4,0.7,-1.7,0.0,False
watertr01,Tremont Waters,POINT GUARD,22,BOSTON CELTICS,11,119,4.3,0.381,0.49,0.163,0.0,10.7,5.4,18.3,4.1,1.6,22.2,24.2,-0.5,0.2,-0.3,-0.103,-8.5,1.0,-7.5,-0.2,False
watsopa01,Paul Watson,SMALL FORWARD,25,ATLANTA HAWKS,2,17,-7.1,0.0,0.429,0.0,0.0,12.8,6.3,21.1,2.7,0.0,0.0,17.1,-0.1,0.0,-0.1,-0.32,-11.5,-1.6,-13.1,0.0,False
watsopa01,Paul Watson,SMALL FORWARD,25,TORONTO RAPTORS,8,70,17.3,0.675,0.474,0.474,3.1,19.2,11.3,10.3,2.0,1.4,11.6,15.9,0.2,0.1,0.3,0.198,1.4,1.4,2.9,0.1,False
weathqu01,Quinndary Weatherspoon,SHOOTING GUARD,23,SAN ANTONIO SPURS,11,78,3.2,0.336,0.294,0.118,1.4,8.3,4.8,17.5,1.8,1.1,21.9,12.7,-0.2,0.0,-0.1,-0.071,-6.4,-1.0,-7.4,-0.1,False
westbru01,Russell Westbrook,POINT GUARD,31,HOUSTON ROCKETS,57,2049,21.0,0.536,0.166,0.297,5.1,18.1,11.5,35.6,2.1,0.8,15.0,34.4,1.7,2.5,4.2,0.098,1.6,-0.1,1.5,1.8,False
whiteco01,Coby White,POINT GUARD,19,CHICAGO BULLS,65,1674,11.9,0.506,0.475,0.163,1.8,14.0,7.6,16.5,1.4,0.3,11.4,24.4,-0.5,1.4,0.9,0.026,-1.3,-1.6,-2.9,-0.4,False
whitede01,Derrick White,SHOOTING GUARD,25,SAN ANTONIO SPURS,68,1677,16.4,0.593,0.391,0.382,2.3,12.1,7.2,20.0,1.3,3.1,12.1,18.9,3.1,1.1,4.2,0.119,1.2,0.1,1.3,1.4,False
whiteha01,Hassan Whiteside,CENTER,30,PORTLAND TRAIL BLAZERS,67,2008,25.0,0.644,0.01,0.34,13.6,33.3,23.6,5.9,0.6,8.4,12.9,19.6,5.6,3.0,8.5,0.204,2.5,0.7,3.2,2.6,False
wiggian01,Andrew Wiggins,SMALL FORWARD,24,MINNESOTA TIMBERWOLVES,42,1455,16.1,0.535,0.348,0.262,3.4,12.9,7.9,18.1,0.9,2.1,10.8,28.0,0.6,0.8,1.4,0.046,1.1,-1.5,-0.4,0.6,False
wiggian01,Andrew Wiggins,SMALL FORWARD,24,GOLDEN STATE WARRIORS,12,403,17.5,0.542,0.314,0.324,4.7,10.3,7.4,18.2,1.9,3.8,10.4,25.4,0.2,0.3,0.5,0.064,1.0,-1.1,-0.1,0.2,False
willigr01,Grant Williams,POWER FORWARD,21,BOSTON CELTICS,69,1043,7.9,0.505,0.455,0.256,6.1,12.1,9.1,8.5,1.4,3.2,17.6,11.6,0.1,1.4,1.6,0.071,-4.1,1.4,-2.7,-0.2,False
willijo04,Johnathan Williams,POWER FORWARD,24,WASHINGTON WIZARDS,15,180,14.0,0.566,0.059,0.382,14.0,25.3,19.4,5.9,0.3,3.9,11.2,10.3,0.3,0.1,0.4,0.109,-0.8,-1.3,-2.0,0.0,False
willike04,Kenrich Williams,POWER FORWARD,25,NEW ORLEANS PELICANS,39,832,7.5,0.429,0.66,0.177,6.5,17.3,11.9,8.4,1.5,2.1,12.2,8.9,0.1,0.8,0.9,0.05,-3.4,0.9,-2.4,-0.1,False
willilo02,Lou Williams,POINT GUARD,33,LOS ANGELES CLIPPERS,65,1864,17.3,0.546,0.337,0.362,1.8,9.2,5.6,30.1,1.1,0.6,14.4,28.4,2.3,1.8,4.1,0.105,2.1,-1.4,0.7,1.3,False
willima02,Marvin Williams,POWER FORWARD,33,CHARLOTTE HORNETS,41,808,11.8,0.593,0.557,0.238,2.0,13.2,7.4,7.8,1.6,2.5,9.7,14.0,0.8,0.6,1.5,0.087,-1.6,0.4,-1.3,0.1,False
willima02,Marvin Williams,POWER FORWARD,33,MILWAUKEE BUCKS,17,321,9.8,0.566,0.684,0.123,4.9,17.1,11.4,7.2,1.4,2.2,11.8,8.7,0.3,0.6,0.9,0.139,-1.6,2.5,0.9,0.2,False
williro04,Robert Williams,CENTER,22,BOSTON CELTICS,29,388,23.1,0.728,0.0,0.386,11.2,24.0,17.7,10.1,2.7,8.4,16.9,13.6,1.1,1.0,2.0,0.253,0.8,4.3,5.1,0.7,False
willini01,Nigel Williams-Goss,POINT GUARD,25,UTAH JAZZ,10,50,8.1,0.415,0.438,0.125,4.6,8.5,6.6,16.4,2.9,1.7,15.1,17.4,-0.1,0.1,0.0,0.017,-5.2,1.3,-3.9,0.0,False
willizi01,Zion Williamson,POWER FORWARD,19,NEW ORLEANS PELICANS,24,668,24.1,0.616,0.039,0.494,10.1,13.7,11.9,13.3,1.1,1.1,11.9,30.5,1.5,0.4,2.0,0.141,3.5,-1.4,2.1,0.7,False
wilsodj01,D.J. Wilson,POWER FORWARD,23,MILWAUKEE BUCKS,37,363,8.2,0.475,0.553,0.136,3.5,20.5,12.5,9.1,0.4,1.2,12.0,18.1,-0.3,0.6,0.3,0.046,-4.1,0.0,-4.0,-0.2,False
winslju01,Justise Winslow,SHOOTING GUARD,23,MIAMI HEAT,11,352,8.5,0.44,0.209,0.209,5.3,17.5,11.6,18.7,1.0,1.4,14.6,20.6,-0.4,0.4,0.0,-0.004,-3.5,-0.1,-3.6,-0.1,False
woodch01,Christian Wood,POWER FORWARD,24,DETROIT PISTONS,62,1325,23.2,0.659,0.276,0.476,8.8,24.8,16.7,7.6,1.3,3.4,12.0,23.0,3.6,1.5,5.1,0.183,3.5,-0.3,3.1,1.7,False
wrighde01,Delon Wright,POINT GUARD,27,DALLAS MAVERICKS,73,1570,15.4,0.554,0.309,0.243,4.7,13.8,9.4,21.0,2.6,1.2,13.8,14.4,2.6,1.8,4.4,0.134,0.0,1.9,1.9,1.5,False
wrighju02,Justin Wright-Foreman,POINT GUARD,22,UTAH JAZZ,4,45,8.8,0.437,0.5,0.2,0.0,11.8,6.1,23.0,2.2,0.0,12.1,24.1,-0.1,0.1,0.0,-0.008,-7.0,-2.0,-9.0,-0.1,False
youngth01,Thaddeus Young,POWER FORWARD,31,CHICAGO BULLS,64,1591,13.3,0.521,0.369,0.12,6.2,16.1,10.9,11.3,2.8,1.4,13.9,19.7,-0.2,2.1,1.9,0.058,-1.4,0.2,-1.2,0.3,False
youngtr01,Trae Young,POINT GUARD,21,ATLANTA HAWKS,60,2120,23.9,0.595,0.455,0.448,1.6,11.5,6.5,45.6,1.4,0.3,16.2,34.9,5.3,0.6,5.9,0.133,6.2,-2.3,3.9,3.1,False
zelleco01,Cody Zeller,CENTER,27,CHARLOTTE HORNETS,58,1341,18.8,0.576,0.157,0.374,12.6,21.2,16.7,11.3,1.5,1.7,11.9,20.8,2.3,1.3,3.6,0.129,0.2,-0.8,-0.6,0.5,False
zellety01,Tyler Zeller,CENTER,30,SAN ANTONIO SPURS,2,4,22.4,0.25,0.0,0.0,80.9,26.9,53.9,0.0,0.0,0.0,0.0,43.2,0.0,0.0,0.0,-0.075,-0.3,-22.1,-22.4,0.0,False
zizican01,Ante Žižić,CENTER,23,CLEVELAND CAVALIERS,22,221,16.4,0.597,0.0,0.264,9.0,24.4,16.6,4.2,1.5,1.9,11.1,17.5,0.3,0.2,0.5,0.106,-1.7,-1.5,-3.2,-0.1,False
zubaciv01,Ivica Zubac,CENTER,22,LOS ANGELES CLIPPERS,72,1326,21.7,0.651,0.005,0.431,15.9,26.4,21.3,9.1,0.6,4.4,11.8,16.4,4.4,2.3,6.6,0.241,1.9,0.9,2.8,1.6,False
